timestamp,ADC0,ADC1,ADC2,ADC3,temperature
2025-10-04 20:06:24,2947,2940,2940,2968,24.6875
2025-10-04 20:06:37,2913,2983,2906,2961,24.6875
2025-10-04 20:06:49,2850,2990,2918,2929,24.6875
2025-10-04 20:07:02,2844,2926,2961,2914,24.6875
2025-10-04 20:07:15,2955,2925,2931,2956,24.6875
2025-10-04 20:07:28,2890,2943,2940,2930,24.6875
2025-10-04 20:08:44,2921,2945,2943,2956,24.75
2025-10-04 20:10:53,2929,2954,2953,2948,24.75
2025-10-04 20:13:14,2919,2962,2954,2943,24.75
2025-10-04 20:15:23,2934,2957,2947,2951,24.625
2025-10-04 20:17:33,2938,2960,2955,2947,24.625
2025-10-04 20:19:41,2948,2961,2949,2952,24.5625
2025-10-04 20:21:51,2931,2959,2955,2952,24.5625
2025-10-04 20:24:00,2948,2951,2957,2959,24.5
2025-10-04 20:26:10,2939,2973,2953,2961,24.4375
2025-10-04 20:28:22,2957,2961,2954,2955,24.375
2025-10-04 20:30:32,2958,2962,2960,2953,24.375
2025-10-04 20:32:43,2957,2954,2967,2961,24.3125
2025-10-04 20:34:53,2947,2955,2950,2952,24.3125
2025-10-04 20:37:02,2954,2962,2958,2957,24.25
2025-10-04 20:39:11,2958,2965,2960,2954,24.25
2025-10-04 20:41:20,2951,2967,2961,2953,24.1875
2025-10-04 20:43:30,2947,2962,2956,2948,24.1875
2025-10-04 20:45:39,2948,2969,2957,2960,24.1875
2025-10-04 20:47:49,2960,2956,2956,2958,24.125
2025-10-04 20:50:01,2942,2960,2959,2968,24.125
2025-10-04 20:52:11,2967,2968,2966,2958,24.0625
2025-10-04 20:54:20,2965,2955,2963,2958,24.0625
2025-10-04 20:56:30,2964,2970,2968,2966,24.0625
2025-10-04 20:58:39,2963,2967,2961,2958,24.0625
2025-10-04 21:00:48,2973,2971,2963,2962,24
2025-10-04 21:02:58,2968,2972,2958,2961,23.9375
2025-10-04 21:05:09,2958,2974,2953,2958,23.9375
2025-10-04 21:07:19,2959,2963,2964,2949,23.875
2025-10-04 21:09:29,2969,2966,2969,2975,23.875
2025-10-04 21:11:40,2967,2962,2960,2957,23.9375
2025-10-04 21:13:49,2978,2969,2957,2961,23.875
2025-10-04 21:15:58,2987,2978,2964,2963,23.875
2025-10-04 21:18:08,2985,2980,2962,2959,23.8125
2025-10-04 21:20:17,2987,2978,2959,2953,23.8125
2025-10-04 21:22:26,2971,2967,2971,2965,23.875
2025-10-04 21:24:37,2962,2967,2965,2963,23.75
2025-10-04 21:26:47,2970,2969,2961,2956,23.75
2025-10-04 21:28:56,2967,2973,2963,2954,23.75
2025-10-04 21:31:06,2977,2975,2962,2961,23.6875
2025-10-04 21:33:15,2975,2970,2958,2970,23.75
2025-10-04 21:35:25,2977,2970,2959,2965,23.75
2025-10-04 21:37:34,2977,2974,2966,2956,23.6875
2025-10-04 21:39:43,2990,2975,2975,2974,23.6875
2025-10-04 21:41:52,2987,2976,2966,2961,23.6875
2025-10-04 21:44:01,2990,2980,2975,2963,23.625
2025-10-04 21:46:12,2993,2964,2965,2971,23.625
2025-10-04 21:48:21,2983,2979,2976,2963,23.625
2025-10-04 21:50:31,2984,2978,2977,2973,23.625
2025-10-04 21:52:41,2984,2971,2978,2968,23.625
2025-10-04 21:54:51,2989,2984,2967,2973,23.5625
2025-10-04 21:57:01,2986,2974,2966,2975,23.625
2025-10-04 21:59:10,2995,2985,2970,2964,23.5625
2025-10-04 22:01:19,2998,2982,2966,2961,23.5625
2025-10-04 22:03:28,2996,2984,2976,2973,23.5
2025-10-04 22:05:38,2990,2987,2974,2968,23.5
2025-10-04 22:07:48,2992,2974,2971,2963,23.5
2025-10-04 22:09:58,2995,2978,2970,2965,23.5
2025-10-04 22:12:09,3004,2968,2984,2967,24.75
2025-10-04 22:14:17,2965,2974,2954,2964,25.5
2025-10-04 22:16:27,2949,2935,2967,2959,26.125
2025-10-04 22:18:41,2958,2938,2957,2953,26.4375
2025-10-04 22:20:49,2959,2957,2947,2952,26.8125
2025-10-04 22:22:58,2938,2936,2965,2963,27.0625
2025-10-04 22:25:08,2882,2962,2956,2935,27.3125
2025-10-04 22:27:19,2898,2939,2954,2933,27.5
2025-10-04 22:29:30,2954,2946,2942,2954,27.6875
2025-10-04 22:31:39,2947,2944,2950,2957,27.75
2025-10-04 22:33:49,2940,2947,2979,2965,26.9375
2025-10-04 22:35:58,2958,2975,2957,2970,26.4375
2025-10-04 22:38:12,2921,2962,2981,2940,26.5625
2025-10-04 22:40:24,2948,2949,2973,2960,26.6875
2025-10-04 22:42:35,2909,2975,2987,2946,26.5625
2025-10-04 22:44:44,2954,2955,2990,2965,26.3125
2025-10-04 22:46:53,2972,2959,2983,2987,26.25
2025-10-04 22:49:03,2916,2997,2966,2973,26.0625
2025-10-04 22:51:15,2960,2960,2983,2961,25.875
2025-10-04 22:53:25,2975,2966,2989,2993,25.75
2025-10-04 22:55:34,2976,2963,2987,2985,25.5625
2025-10-04 22:57:43,2981,2988,2964,2984,25.5
2025-10-04 22:59:53,2934,2978,2983,2949,25.375
2025-10-04 23:02:02,2990,2982,2975,2984,25.25
2025-10-04 23:04:11,2982,2975,2982,2995,25.125
2025-10-04 23:06:21,2919,2988,2982,2954,24.9375
2025-10-04 23:08:31,2964,2976,2991,2971,24.75
2025-10-04 23:10:40,2986,2985,2970,2985,24.625
2025-10-04 23:12:49,2940,2978,2996,2951,24.5625
2025-10-04 23:15:02,2914,2979,2987,2942,24.5
2025-10-04 23:17:11,2927,3001,2968,2976,24.375
2025-10-04 23:19:21,2981,2969,2991,2981,24.3125
2025-10-04 23:21:32,2977,2981,2964,2981,24.25
2025-10-04 23:23:43,2926,2989,2973,2969,24.1875
2025-10-04 23:25:51,2972,2965,2973,2980,24.0625
2025-10-04 23:28:02,2972,2963,2988,2957,24.0625
2025-10-04 23:30:10,2960,2961,2980,2967,24.0625
2025-10-04 23:32:19,2975,2983,2958,2978,24.0625
2025-10-04 23:34:29,2910,2984,2978,2957,24.0625
2025-10-04 23:36:40,2960,2963,2981,2984,23.9375
2025-10-04 23:38:51,2975,2987,2963,2977,23.875
2025-10-04 23:41:01,2935,2978,2988,2949,23.75
2025-10-04 23:43:13,2972,2963,2990,2969,23.6875
2025-10-04 23:45:23,2938,2999,2959,2981,23.5625
2025-10-04 23:47:34,2969,2967,2983,2991,23.4375
2025-10-04 23:49:44,2979,2975,2972,2983,23.4375
2025-10-04 23:51:54,2978,2966,2990,2976,23.3125
2025-10-04 23:54:04,2972,2995,2970,2977,23.3125
2025-10-04 23:56:13,2971,2969,2999,2965,23.25
2025-10-04 23:58:24,2935,2979,2985,2953,23.1875
2025-10-05 00:00:33,2970,2987,2965,2988,23.0625
2025-10-05 00:02:42,2958,2978,2998,2958,23
2025-10-05 00:04:53,2985,2962,3003,2982,22.9375
2025-10-05 00:07:01,2993,2989,2972,2985,22.8125
2025-10-05 00:09:11,2995,2999,2977,2982,22.8125
2025-10-05 00:11:20,2989,2978,2996,2986,22.8125
2025-10-05 00:13:30,2930,2995,2990,2965,22.625
2025-10-05 00:15:39,2951,2987,2997,2954,22.5625
2025-10-05 00:17:47,2946,3014,2970,2995,22.4375
2025-10-05 00:19:56,2985,2978,3003,2979,22.4375
2025-10-05 00:22:06,2943,3012,2970,2987,22.3125
2025-10-05 00:24:16,2944,2996,2996,2968,22.375
2025-10-05 00:26:26,2999,2981,2999,2993,22.3125
2025-10-05 00:28:36,2944,3008,2997,2973,22.25
2025-10-05 00:30:46,2995,2982,3000,2979,22.25
2025-10-05 00:32:56,2996,2974,2986,2991,22.25
2025-10-05 00:35:06,2949,3010,2976,2987,22.25
2025-10-05 00:37:15,2985,2993,2971,2993,22.1875
2025-10-05 00:39:24,2973,2986,2994,2957,22.125
2025-10-05 00:41:34,2977,2984,3005,2961,22.125
2025-10-05 00:43:43,3000,2976,2984,2988,22.125
2025-10-05 00:45:52,2984,2981,2998,2971,22.1875
2025-10-05 00:48:02,2980,2971,3000,2963,22.125
2025-10-05 00:50:11,2944,2999,2991,2960,22.125
2025-10-05 00:52:23,2950,3010,2973,2982,22.0625
2025-10-05 00:54:32,2949,3008,2989,2962,22.0625
2025-10-05 00:56:40,2977,3017,2960,2988,22.125
2025-10-05 00:58:50,2987,2980,2998,2979,22.125
2025-10-05 01:00:59,2954,3001,2992,2959,22.0625
2025-10-05 01:03:08,3001,3003,2974,2992,22.0625
2025-10-05 01:05:18,2935,3007,2989,2968,22.0625
2025-10-05 01:07:28,2999,2967,3001,2988,21.9375
2025-10-05 01:09:39,2957,3012,2973,2990,21.9375
2025-10-05 01:11:47,2975,3002,2998,2966,21.9375
2025-10-05 01:13:57,3000,2980,3001,2980,21.9375
2025-10-05 01:16:08,2953,3018,2988,2986,21.875
2025-10-05 01:18:17,2995,2994,2965,2994,21.9375
2025-10-05 01:20:27,2979,2999,3002,2961,21.8125
2025-10-05 01:22:36,2978,3004,2959,2996,21.875
2025-10-05 01:24:45,2955,3016,2979,2995,21.875
2025-10-05 01:26:55,3004,2976,2996,2991,21.8125
2025-10-05 01:29:03,2963,3008,2999,2962,21.75
2025-10-05 01:31:13,2964,3012,2984,2972,21.75
2025-10-05 01:33:24,2952,3004,2999,2961,21.6875
2025-10-05 01:35:33,2980,3012,2965,2988,21.6875
2025-10-05 01:37:43,3011,2981,2997,2997,21.5625
2025-10-05 01:39:53,2952,3017,2999,2965,21.5625
2025-10-05 01:42:01,3009,2986,2996,3000,21.5625
2025-10-05 01:44:12,3002,2986,3000,2980,21.5625
2025-10-05 01:46:22,2985,3008,2956,2991,21.5625
2025-10-05 01:48:32,2951,3015,2987,2971,21.5
2025-10-05 01:50:41,2982,3018,2973,2996,21.5625
2025-10-05 01:52:50,2938,3011,2977,2977,21.5
2025-10-05 01:54:59,2958,3000,3005,2958,21.4375
2025-10-05 01:57:09,2930,3016,2978,2975,21.4375
2025-10-05 01:59:17,2936,3013,2980,2982,21.375
2025-10-05 02:01:27,2988,2984,3001,2975,21.3125
2025-10-05 02:03:37,2944,3002,2985,2986,21.3125
2025-10-05 02:05:47,2981,2975,2998,2980,21.3125
2025-10-05 02:07:56,2921,3001,2984,2974,21.25
2025-10-05 02:10:06,2969,2984,2995,2982,21.25
2025-10-05 02:12:16,2913,2997,2999,2953,21.1875
2025-10-05 02:14:27,2917,2996,3001,2959,21.1875
2025-10-05 02:16:36,2991,2994,2984,2994,21.125
2025-10-05 02:18:46,2967,2976,3001,2987,21.0625
2025-10-05 02:20:57,2982,3000,2980,2978,20.9375
2025-10-05 02:23:06,2982,3005,2974,2992,20.9375
2025-10-05 02:25:16,2904,3001,2995,2976,20.8125
2025-10-05 02:27:27,2908,2998,3003,2970,20.8125
2025-10-05 02:29:37,2901,3000,2998,2974,20.75
2025-10-05 02:31:47,2996,3001,2980,2998,20.6875
2025-10-05 02:33:57,2983,2980,3006,2998,20.625
2025-10-05 02:36:06,2994,2989,2996,2992,20.5
2025-10-05 02:38:17,2990,2995,2985,3000,20.5625
2025-10-05 02:40:26,2929,2991,3002,2960,20.625
2025-10-05 02:42:36,2906,3001,3000,2977,20.625
2025-10-05 02:44:47,2907,3009,3000,2979,20.625
2025-10-05 02:46:57,2935,2995,2986,2998,20.625
2025-10-05 02:49:06,2907,2998,2997,2974,20.625
2025-10-05 02:51:16,2987,2997,2998,2995,20.5625
2025-10-05 02:53:27,2958,2982,2999,2971,20.625
2025-10-05 02:55:36,2943,2989,3005,2969,20.625
2025-10-05 02:57:46,2979,2990,3004,2978,20.5625
2025-10-05 02:59:56,2911,3005,2999,2983,20.5625
2025-10-05 03:02:05,2998,3000,2994,2994,20.5
2025-10-05 03:04:15,2974,3005,2968,2997,20.5625
2025-10-05 03:06:26,2950,2989,3003,2971,20.4375
2025-10-05 03:08:36,2911,3005,2988,2986,20.3125
2025-10-05 03:10:46,2995,2998,2987,3000,20.1875
2025-10-05 03:12:55,2953,2990,2999,2971,20.1875
2025-10-05 03:15:05,2985,3016,2987,3011,20.1875
2025-10-05 03:17:14,2975,2986,3002,2997,20.25
2025-10-05 03:19:25,2912,2990,3014,2960,20.25
2025-10-05 03:21:34,2994,3006,2989,2979,20.125
2025-10-05 03:23:44,2944,3000,3007,2967,19.875
2025-10-05 03:25:53,2958,2991,3017,2960,19.8125
2025-10-05 03:28:02,2966,2982,3010,2981,19.875
2025-10-05 03:30:13,2969,3013,2985,3005,19.75
2025-10-05 03:32:22,3017,3009,3004,3001,19.625
2025-10-05 03:34:32,2939,3013,3000,3003,19.5625
2025-10-05 03:36:42,2963,3015,2997,3003,19.5625
2025-10-05 03:38:53,2968,2990,3010,2990,19.5
2025-10-05 03:41:03,2967,2995,3011,2992,19.375
2025-10-05 03:43:12,2965,3010,2987,3011,19.4375
2025-10-05 03:45:22,2979,2997,3005,2992,19.4375
2025-10-05 03:47:32,3005,3010,2995,3001,19.5
2025-10-05 03:49:42,2919,2994,3012,2974,19.4375
2025-10-05 03:51:52,2925,3009,3014,2977,19.4375
2025-10-05 03:54:02,2945,3004,3019,2989,19.375
2025-10-05 03:56:12,2957,3016,2991,3010,19.375
2025-10-05 03:58:23,2975,2998,3006,2984,19.375
2025-10-05 04:00:32,2978,2988,3010,2998,19.375
2025-10-05 04:02:43,2971,3010,2995,3009,19.4375
2025-10-05 04:04:53,2906,3014,3003,2988,19.4375
2025-10-05 04:07:03,2963,2990,3006,2992,19.4375
2025-10-05 04:09:13,2996,2997,3012,3023,19.1875
2025-10-05 04:11:22,3013,3001,3001,3006,19.125
2025-10-05 04:13:32,2939,3008,3022,2976,19.125
2025-10-05 04:15:42,2907,3018,3008,3001,19
2025-10-05 04:17:52,2917,3008,3024,2986,18.8125
2025-10-05 04:20:02,2986,2999,3017,3011,18.75
2025-10-05 04:22:12,3013,3011,3001,3005,18.625
2025-10-05 04:24:23,3015,3017,2998,2998,18.6875
2025-10-05 04:26:32,2993,3011,3020,3013,18.6875
2025-10-05 04:28:42,3012,3014,3013,3011,18.5625
2025-10-05 04:30:51,2914,3019,3009,3002,18.6875
2025-10-05 04:33:01,3006,3003,3023,3014,18.6875
2025-10-05 04:35:11,2930,3011,3004,3008,18.6875
2025-10-05 04:37:20,2991,3001,3003,3010,18.625
2025-10-05 04:39:30,3012,3014,3005,3008,18.625
2025-10-05 04:41:39,2951,3012,3006,3011,18.6875
2025-10-05 04:43:50,2916,3010,3016,2992,18.75
2025-10-05 04:46:00,2958,3000,3003,2985,18.875
2025-10-05 04:48:10,2988,2995,3014,3009,18.75
2025-10-05 04:50:20,2969,3005,3028,2998,18.625
2025-10-05 04:52:30,3012,3012,3013,3015,18.4375
2025-10-05 04:54:40,2961,3014,3002,3011,18.25
2025-10-05 04:56:51,2924,3010,3022,2986,18.1875
2025-10-05 04:59:00,2987,2998,3017,3009,18.1875
2025-10-05 05:01:10,2933,3022,3003,3001,18.1875
2025-10-05 05:03:21,2919,3008,3015,2991,18.3125
2025-10-05 05:05:31,3002,3006,3020,3005,18.3125
2025-10-05 05:07:40,2997,3005,3023,3009,18.3125
2025-10-05 05:09:50,2912,3019,3015,3003,18.25
2025-10-05 05:12:00,3000,3010,3006,3011,18.375
2025-10-05 05:14:10,3010,3010,3010,3013,18.3125
2025-10-05 05:16:20,2935,3013,3008,3008,18.3125
2025-10-05 05:18:31,2923,3022,3031,2994,18.25
2025-10-05 05:20:41,2961,3001,3022,2980,18.1875
2025-10-05 05:22:51,2921,3016,3022,2991,18.25
2025-10-05 05:25:01,2990,3005,3020,3009,18.25
2025-10-05 05:27:11,3006,3004,3019,3011,18.3125
2025-10-05 05:29:22,3018,3029,3008,3005,18.375
2025-10-05 05:31:30,2996,3010,3027,3009,18.1875
2025-10-05 05:33:40,2916,3022,3029,2979,18.125
2025-10-05 05:35:50,2964,3028,2998,3013,18.125
2025-10-05 05:38:00,3003,3032,3005,3013,18.125
2025-10-05 05:40:10,2927,3027,3014,3013,18.1875
2025-10-05 05:42:20,3019,3017,3020,3006,18.125
2025-10-05 05:44:30,2941,3040,3016,3015,18.125
2025-10-05 05:46:40,2939,3031,3020,3000,18.0625
2025-10-05 05:48:50,2944,3028,3025,2984,18.0625
2025-10-05 05:51:00,2917,3024,3035,2995,18.0625
2025-10-05 05:53:10,3023,3022,3007,3014,18
2025-10-05 05:55:20,2991,3009,3029,2995,18.0625
2025-10-05 05:57:29,2938,3025,3037,2989,18.125
2025-10-05 05:59:40,2942,3020,3028,2981,18.0625
2025-10-05 06:01:49,3010,3006,3031,3013,17.9375
2025-10-05 06:03:59,2991,3045,3000,3014,17.8125
2025-10-05 06:06:09,2937,3031,3034,2983,17.875
2025-10-05 06:08:20,2969,3036,3009,3022,17.875
2025-10-05 06:10:30,3012,3014,3027,3007,17.9375
2025-10-05 06:12:40,2981,3021,3029,2993,17.9375
2025-10-05 06:14:50,3019,3031,3004,3021,17.9375
2025-10-05 06:17:00,2938,3023,3031,2976,17.9375
2025-10-05 06:19:09,2993,3010,3033,2992,18.0625
2025-10-05 06:21:19,2997,3037,2999,3025,17.9375
2025-10-05 06:23:30,2975,3036,3005,3016,17.75
2025-10-05 06:25:40,3019,3011,3033,3005,17.8125
2025-10-05 06:27:48,2924,3036,3023,3008,17.8125
2025-10-05 06:29:58,3000,3013,3035,2994,17.8125
2025-10-05 06:32:08,2919,3028,3023,2990,17.8125
2025-10-05 06:34:18,2985,3017,3032,2985,17.8125
2025-10-05 06:36:27,3004,3004,3030,3004,17.6875
2025-10-05 06:38:37,3008,3010,3034,3005,17.6875
2025-10-05 06:40:48,2937,3044,3019,3004,17.625
2025-10-05 06:42:57,3008,3011,3026,3002,17.625
2025-10-05 06:45:08,3000,3016,3038,2987,17.75
2025-10-05 06:47:18,2928,3030,3021,2988,17.625
2025-10-05 06:49:27,3038,3031,2999,3019,17.6875
2025-10-05 06:51:37,2985,3049,2993,3025,17.5
2025-10-05 06:53:47,3043,3034,3010,3018,17.4375
2025-10-05 06:55:56,2988,3009,3037,2973,17.625
2025-10-05 06:58:06,2937,3045,3004,3019,17.5
2025-10-05 07:00:17,3034,3038,2994,3014,17.5
2025-10-05 07:02:26,3012,3045,2995,3022,17.5
2025-10-05 07:04:36,3010,3014,3031,2983,17.5625
2025-10-05 07:06:46,3039,3018,3017,3026,17.4375
2025-10-05 07:08:56,2931,3039,3008,3014,17.375
2025-10-05 07:11:05,2938,3050,2997,3012,17.4375
2025-10-05 07:13:15,2930,3048,3018,2996,17.375
2025-10-05 07:15:24,3007,3008,3034,2984,17.375
2025-10-05 07:17:35,3033,3013,3027,3003,17.4375
2025-10-05 07:19:45,3032,3026,3022,3013,17.3125
2025-10-05 07:21:55,2946,3024,3038,2977,17.3125
2025-10-05 07:24:04,2970,3050,2997,3016,17.0625
2025-10-05 07:26:14,3025,3014,3033,2998,16.6875
2025-10-05 07:28:24,3034,3029,3039,3019,16.625
2025-10-05 07:30:35,3059,3042,3013,3027,16.4375
2025-10-05 07:32:45,3005,3040,3048,3009,16.3125
2025-10-05 07:34:55,3061,3044,3014,3057,16.1875
2025-10-05 07:37:04,2991,3050,3043,3004,16.1875
2025-10-05 07:39:15,3150,3101,3084,3153,16.3125
2025-10-05 07:41:25,3113,3077,3072,3078,16.625
2025-10-05 07:43:35,3138,3033,3055,3087,17
2025-10-05 07:45:45,3138,3029,3051,3064,17.1875
2025-10-05 07:47:55,3131,3040,3039,3080,17.375
2025-10-05 07:50:05,3096,3025,3052,3036,17.4375
2025-10-05 07:52:15,3076,3046,3003,3056,17.6875
2025-10-05 07:54:25,3022,3037,3030,3027,17.875
2025-10-05 07:56:34,3034,3042,3013,3033,18.0625
2025-10-05 07:58:43,3060,3006,3031,3012,18.1875
2025-10-05 08:00:54,3059,3001,3035,3021,18.25
2025-10-05 08:03:04,3051,3006,3019,3015,18.375
2025-10-05 08:05:14,3047,3015,3011,3023,18.5
2025-10-05 08:07:24,3046,3004,3030,3030,18.5625
2025-10-05 08:09:34,2977,3024,3020,3011,18.5625
2025-10-05 08:11:43,2981,3021,3020,2998,18.625
2025-10-05 08:13:54,2997,3029,3012,3016,18.6875
2025-10-05 08:16:04,3013,3012,3028,2989,18.6875
2025-10-05 08:18:13,3031,3002,3017,3029,18.75
2025-10-05 08:20:24,3030,2996,3025,3009,18.8125
2025-10-05 08:22:34,3020,3019,3003,3024,18.75
2025-10-05 08:24:43,3030,3016,3002,3026,18.8125
2025-10-05 08:26:53,2977,3014,3027,2993,18.9375
2025-10-05 08:29:04,3009,3002,3024,3003,18.9375
2025-10-05 08:31:13,3034,3021,3008,3021,18.9375
2025-10-05 08:33:23,2998,3027,3006,3023,18.9375
2025-10-05 08:35:33,2989,3026,3013,3031,18.875
2025-10-05 08:37:43,2987,3018,3011,3012,18.9375
2025-10-05 08:39:53,3032,3025,3008,3035,18.875
2025-10-05 08:42:02,3029,3029,3002,3018,18.9375
2025-10-05 08:44:12,2980,3024,3022,3001,18.875
2025-10-05 08:46:23,2979,3013,3032,2995,18.9375
2025-10-05 08:48:32,3026,3035,2996,3012,18.9375
2025-10-05 08:50:41,3038,3022,3001,3029,18.9375
2025-10-05 08:52:51,2996,3032,3012,3015,18.875
2025-10-05 08:55:01,3027,3000,3022,3005,18.9375
2025-10-05 08:57:10,3037,3020,3007,3026,18.875
2025-10-05 08:59:20,2978,3028,3019,3025,18.875
2025-10-05 09:01:29,3033,2999,3018,3010,18.875
2025-10-05 09:03:40,3035,3015,3012,3022,18.875
2025-10-05 09:05:48,3008,3030,2988,3023,18.9375
2025-10-05 09:07:59,3005,3010,3030,2990,18.9375
2025-10-05 09:10:07,2995,3023,3008,3017,19
2025-10-05 09:12:17,3009,3024,2991,3020,19.0625
2025-10-05 09:14:26,3030,3010,3002,3022,19.125
2025-10-05 09:16:35,3018,2999,3020,3006,19.1875
2025-10-05 09:18:45,3013,2995,3023,3006,19.1875
2025-10-05 09:20:55,3012,3001,3014,2998,19.125
2025-10-05 12:43:50,2974,2977,2984,2983,24.0625
2025-10-05 12:45:59,2941,2971,2977,2992,24.125
2025-10-05 12:48:08,2936,2973,2965,2980,24.125
2025-10-05 12:50:18,2958,2980,2964,2987,24.25
2025-10-05 12:52:27,2880,2982,2975,2976,24.25
2025-10-06 15:25:29,2940,2968,2976,2978,21.8125
2025-10-06 15:27:02,2935,2969,2975,2974,21.75
2025-10-06 15:29:13,2927,2968,2979,2986,21.8125
2025-10-06 15:31:23,2934,2972,2977,2974,21.8125
2025-10-06 15:33:33,2929,2972,2963,2975,21.8125
2025-10-06 15:35:44,2937,2971,2976,2974,21.8125
2025-10-06 15:37:52,2934,2981,2967,2976,22.0625
2025-10-06 15:40:03,2938,2975,2980,2977,21.875
2025-10-06 15:42:13,2933,2974,2975,2972,21.875
2025-10-06 15:44:25,2932,2982,2976,2980,22
2025-10-06 15:46:35,2936,2971,2965,2981,21.9375
2025-10-06 15:48:43,2938,2974,2970,2971,22.0625
2025-10-06 15:50:54,2926,2970,2979,2967,22.3125
2025-10-06 15:53:04,2934,2974,2972,2975,22.125
2025-10-06 15:55:22,2936,2975,2972,2972,22.125
2025-10-06 15:57:32,2943,2975,2980,2971,22.0625
2025-10-06 15:59:47,2931,2968,2974,2969,22.0625
2025-10-06 16:01:59,2937,2977,2977,2967,22.1875
2025-10-06 16:04:08,2934,2971,2980,2978,21.9375
2025-10-06 16:06:19,2932,2973,2984,2969,21.9375
2025-10-06 16:08:32,2941,2972,2981,2966,22.0625
2025-10-06 16:10:42,2933,2975,2972,2963,22
2025-10-06 16:13:00,2933,2974,2974,2970,22.0625
2025-10-06 16:15:20,2935,2973,2973,2973,22.0625
2025-10-06 16:17:31,2936,2974,2970,2967,22.0625
2025-10-06 16:19:41,2941,2974,2976,2971,22.0625
2025-10-06 16:21:52,2928,2974,2967,2974,22.125
2025-10-06 16:24:01,2937,2977,2973,2971,22.125
2025-10-06 16:26:19,2930,2970,2975,2963,22.125
2025-10-06 16:28:33,2933,2981,2973,2970,22.125
2025-10-06 16:30:53,2941,2968,2980,2969,22.0625
2025-10-06 16:33:12,2927,2973,2975,2969,22.1875
2025-10-06 16:35:22,2923,2968,2977,2971,22.1875
2025-10-06 16:37:30,2933,2970,2968,2971,22.125
2025-10-06 16:39:39,2932,2971,2973,2971,22.25
2025-10-06 16:42:31,2927,2971,2976,2971,22.1875
2025-10-06 16:44:41,2928,2981,2965,2967,22.125
2025-10-06 16:47:01,2925,2970,2975,2976,22.125
2025-10-06 16:49:08,2932,2967,2971,2973,22.125
2025-10-06 16:51:25,2937,2964,2970,2968,22.125
2025-10-06 16:53:34,2942,2972,2966,2978,22.125
2025-10-06 16:55:47,2937,2971,2975,2966,22.125
2025-10-06 16:57:57,2929,2971,2970,2970,22.125
2025-10-06 17:01:38,2938,2977,2966,2969,22.125
2025-10-06 17:03:47,2924,2964,2976,2973,22.125
2025-10-06 17:05:57,2934,2967,2974,2977,22.0625
2025-10-06 17:08:11,2924,2974,2973,2976,22.0625
2025-10-06 17:10:21,2944,2971,2972,2966,22
2025-10-06 17:12:30,2939,2972,2975,2970,22.0625
2025-10-06 17:14:47,2943,2970,2961,2971,22.125
2025-10-06 17:16:58,2940,2970,2971,2963,22.1875
2025-10-06 17:19:08,2931,2968,2977,2965,22.25
2025-10-06 17:21:17,2941,2973,2968,2966,22.1875
2025-10-06 17:24:33,2942,2974,2964,2968,22.0625
2025-10-06 17:26:42,2942,2976,2974,2972,22
2025-10-06 17:29:01,2931,2976,2971,2970,22.125
2025-10-06 17:31:11,2938,2971,2978,2971,22.0625
2025-10-06 17:33:32,2933,2974,2964,2968,22
2025-10-06 17:36:12,2937,2974,2980,2976,22.125
2025-10-06 17:38:52,2929,2971,2968,2974,22.125
2025-10-06 17:41:04,2923,2974,2978,2978,22.1875
2025-10-06 17:43:15,2939,2970,2975,2968,22
2025-10-06 17:45:24,2931,2961,2967,2966,21.9375
2025-10-06 17:47:34,2935,2970,2969,2972,22.0625
2025-10-06 17:49:43,2939,2962,2962,2973,21.875
2025-10-06 17:51:53,2938,2974,2970,2972,21.75
2025-10-06 17:54:04,2929,2978,2975,2977,21.75
2025-10-06 17:56:12,2931,2981,2976,2969,21.6875
2025-10-06 17:58:23,2940,2975,2975,2970,21.6875
2025-10-06 18:00:32,2931,2984,2970,2971,21.6875
2025-10-06 18:02:42,2942,2971,2976,2972,21.75
2025-10-06 18:04:52,2933,2972,2974,2972,21.75
2025-10-06 18:07:02,2940,2976,2978,2975,21.75
2025-10-06 18:09:12,2942,2977,2976,2970,21.6875
2025-10-06 18:11:22,2938,2972,2980,2970,21.625
2025-10-06 18:13:34,2932,2970,2988,2978,21.625
2025-10-06 18:15:42,2939,2973,2980,2971,21.625
2025-10-06 18:17:53,2926,2964,2967,2957,21.0625
2025-10-06 18:20:02,2923,2955,2952,2961,20.6875
2025-10-06 18:22:10,2910,2973,2955,2960,20.625
2025-10-06 18:24:20,2919,2958,2958,2959,20.5
2025-10-06 18:26:30,2921,2955,2958,2964,20.75
2025-10-06 18:28:40,2924,2960,2957,2967,20.4375
2025-10-06 18:30:53,2928,2957,2973,2966,20.375
2025-10-06 18:33:03,2925,2963,2961,2966,20.4375
2025-10-06 18:35:14,2935,2984,2970,2964,20.375
2025-10-06 18:37:23,2940,2965,2979,2970,20.375
2025-10-06 18:39:31,2944,2973,2960,2974,20.375
2025-10-06 18:41:41,2933,2971,2971,2963,20.375
2025-10-06 19:03:22,2906,2947,2954,2945,20.375
2025-10-06 19:05:34,2915,2957,2958,2955,20.4375
2025-10-06 19:07:44,2915,2953,2961,2952,20.375
2025-10-06 19:09:54,2921,2964,2962,2963,20.9375
2025-10-06 19:12:03,2932,2969,2968,2963,20.75
2025-10-06 19:14:14,2930,2979,2960,2964,20.8125
2025-10-06 19:16:23,2930,2968,2973,2976,20.625
2025-10-06 19:18:34,2943,2975,2971,2977,20.4375
2025-10-06 19:20:43,2938,2974,2973,2982,20.0625
2025-10-06 19:22:53,2935,2973,2980,2973,19.9375
2025-10-06 19:25:03,2934,2976,2979,2972,20
2025-10-06 19:27:13,2933,2974,2983,2978,20
2025-10-06 19:29:23,2939,2975,2979,2979,19.9375
2025-10-06 19:31:33,2930,2971,2979,2983,19.9375
2025-10-06 19:33:43,2937,2975,2974,2977,19.8125
2025-10-06 19:35:52,2941,2974,2981,2978,19.75
2025-10-06 19:38:02,2945,2979,2996,2986,19.375
2025-10-06 19:40:12,2938,2985,2986,2980,19.25
2025-10-06 19:42:22,2947,2969,2994,2989,19.25
2025-10-06 19:44:33,2949,2991,2989,2985,19.0625
2025-10-06 19:46:42,2946,2984,2988,2988,19.0625
2025-10-06 19:48:51,2944,2973,2983,2981,19.375
2025-10-06 19:51:01,2936,2979,2986,2987,19.75
2025-10-06 20:11:26,2937,2979,2980,2984,20
2025-10-06 20:11:26,2933,2980,2984,2980,20.0625
2025-10-06 20:11:26,2931,2982,2987,2972,20
2025-10-06 20:11:26,2944,2979,2976,2973,20
2025-10-06 20:11:26,2949,2982,2979,2997,19.875
2025-10-06 20:12:40,2930,2978,2973,2977,20.9375
2025-10-06 20:14:50,2941,2980,2978,2987,20.875
2025-10-06 20:17:00,2933,2977,2979,2973,20.75
2025-10-06 20:19:09,2941,2973,2971,2971,20.6875
2025-10-06 20:21:19,2935,2981,2978,2977,20.8125
2025-10-06 20:23:29,2943,2983,2978,2985,20.75
2025-10-06 20:25:40,2939,2978,2989,2982,20.625
2025-10-06 20:27:50,2942,2976,2985,2981,20.625
2025-10-06 20:30:00,2949,2986,2984,2977,20.625
2025-10-06 20:32:09,2940,2976,2976,2971,20.625
2025-10-06 20:34:20,2932,2975,2984,2971,20.625
2025-10-06 20:36:30,2943,2981,2974,2979,20.625
2025-10-06 20:38:39,2933,2972,2984,2973,20.6875
2025-10-06 20:40:50,2933,2977,2977,2976,20.75
2025-10-06 20:42:59,2943,2972,2973,2977,20.8125
2025-10-06 20:45:09,2941,2984,2982,2980,20.9375
2025-10-06 20:47:19,2942,2983,2974,2973,20.6875
2025-10-06 20:49:28,2939,2977,2977,2974,20.5
2025-10-06 20:51:39,2939,2978,2982,2979,20.4375
2025-10-06 20:53:49,2943,2973,2984,2974,20.25
2025-10-06 20:55:58,2948,2983,2980,2983,20.125
2025-10-06 20:58:08,2933,2980,2984,2983,20.1875
2025-10-06 21:00:18,2939,2976,2971,2985,20.3125
2025-10-06 21:02:28,2943,2983,2987,2977,20.25
2025-10-06 21:04:38,2941,2987,2996,2982,20.125
2025-10-06 21:06:48,2934,2993,2989,2983,19.9375
2025-10-06 21:08:58,2944,2989,2981,2995,19.9375
2025-10-06 21:11:09,2942,2983,2979,2980,20.1875
2025-10-06 21:13:18,2945,2983,2983,2979,20.375
2025-10-06 21:15:27,2942,2986,2988,2985,20.5625
2025-10-06 21:17:38,2944,2969,2986,2967,20.6875
2025-10-06 21:19:47,2943,2985,2976,2979,20.8125
2025-10-06 21:21:58,2936,2984,2983,2974,20.8125
2025-10-06 21:24:07,2938,2984,2986,2983,20.6875
2025-10-06 21:26:18,2962,2978,2979,2979,20.4375
2025-10-06 21:28:27,2946,2979,2982,2982,20.375
2025-10-06 21:30:37,2951,2989,2983,2983,20
2025-10-06 21:32:48,2946,2992,2989,2986,19.9375
2025-10-06 21:34:57,2946,2989,2991,2984,20.0625
2025-10-06 21:37:07,2953,2984,2988,2987,20.125
2025-10-06 21:39:17,2947,2982,2990,2993,20.125
2025-10-06 21:41:27,2951,2986,2980,2977,19.9375
2025-10-06 21:43:38,2949,2985,2987,2987,20.0625
2025-10-06 21:45:47,2944,2977,2992,2988,20.1875
2025-10-06 21:47:57,2953,2976,2983,2984,20.375
2025-10-06 21:50:07,2946,2987,2992,2985,20.4375
2025-10-06 21:52:17,2944,2981,2983,2979,20.5625
2025-10-06 21:54:27,2951,2980,2984,2985,20.625
2025-10-06 21:56:38,2944,2977,2984,2979,20.6875
2025-10-06 21:58:48,2943,2979,2984,2978,20.75
2025-10-06 22:00:57,2945,2983,2981,2976,20.6875
2025-10-06 22:03:08,2951,2984,2985,2984,20.75
2025-10-06 22:05:17,2949,2986,2980,2981,20.6875
2025-10-06 22:07:26,2948,2984,2987,2987,20.5625
2025-10-06 22:09:36,2945,2986,2990,2983,20.125
2025-10-06 22:11:47,2948,2991,2992,2998,19.875
2025-10-06 22:13:56,2951,2998,3000,2994,19.6875
2025-10-06 22:16:06,2950,2993,2997,2999,19.5
2025-10-06 22:18:16,2954,2992,2996,2995,19.125
2025-10-06 22:20:26,2956,3002,2999,3009,19.1875
2025-10-06 22:22:37,2951,3001,2994,2991,19.125
2025-10-06 22:24:46,2950,3002,2994,3002,19.125
2025-10-06 22:26:55,2965,3000,2997,3003,18.9375
2025-10-06 22:29:05,2957,2993,3004,2999,18.875
2025-10-06 22:31:15,2961,2999,3000,2996,18.9375
2025-10-06 22:33:26,2955,2997,3000,3005,19
2025-10-06 22:35:36,2964,2999,2996,2999,19.125
2025-10-06 22:37:46,2961,2994,3001,2999,19.0625
2025-10-06 22:39:55,2964,3005,2998,3000,18.9375
2025-10-06 22:42:04,2961,2995,2998,2996,18.9375
2025-10-06 22:44:15,2951,2999,3004,3000,18.9375
2025-10-06 22:46:26,2968,2995,2997,3001,18.9375
2025-10-06 22:48:36,2955,2999,3006,3000,18.9375
2025-10-06 22:50:44,2961,2996,2993,3006,18.9375
2025-10-06 22:52:56,2956,2996,2992,3000,19.0625
2025-10-06 22:55:05,2962,2994,3000,2998,19.3125
2025-10-06 22:57:14,2952,2995,2994,2990,19.4375
2025-10-06 22:59:25,2949,3002,2992,2993,19.625
2025-10-06 23:01:34,2941,2997,2983,2995,19.8125
2025-10-06 23:03:44,2960,2989,2984,2991,20.125
2025-10-06 23:05:53,2953,2988,2986,2989,20.1875
2025-10-06 23:08:03,2943,2982,2990,2982,20.25
2025-10-06 23:10:14,2944,2985,2978,2993,20.375
2025-10-06 23:12:24,2950,2986,2983,2986,20.4375
2025-10-06 23:14:34,2951,2991,2986,2997,20.5625
2025-10-06 23:16:46,2942,2987,2981,2983,20.5625
2025-10-06 23:18:56,2944,2984,2991,2981,20.4375
2025-10-06 23:21:04,2940,2988,2988,2989,20.5
2025-10-06 23:23:14,2947,2990,2979,2986,20.4375
2025-10-06 23:25:23,2947,2987,2992,2989,20.5
2025-10-06 23:27:34,2952,2985,2992,2989,20.5
2025-10-06 23:29:47,2936,2996,2985,2983,20.5625
2025-10-06 23:31:53,2950,2985,2996,2987,20.375
2025-10-06 23:34:03,2942,2984,2990,2986,20.4375
2025-10-06 23:36:14,2950,2986,2998,2989,20.4375
2025-10-06 23:38:24,2948,2988,2992,2989,20.375
2025-10-06 23:40:33,2947,2986,2982,2996,20.375
2025-10-06 23:42:44,2950,2981,2992,3003,20.375
2025-10-06 23:44:53,2944,2996,2988,2992,20.25
2025-10-06 23:47:03,2946,2983,2988,2989,20.3125
2025-10-06 23:49:14,2951,2994,2987,2987,20.375
2025-10-06 23:51:23,2952,2988,2982,2982,20.3125
2025-10-06 23:53:33,2954,2982,2993,2986,20.4375
2025-10-06 23:55:43,2948,2983,2988,2987,20.3125
2025-10-06 23:57:53,2949,2982,2984,2984,20.3125
2025-10-07 00:00:03,2953,2993,2986,2982,20.3125
2025-10-07 00:02:14,2942,2993,2989,2996,20.3125
2025-10-07 00:04:23,2949,2996,2986,2994,20.1875
2025-10-07 00:06:33,2952,2991,2993,2993,20.1875
2025-10-07 00:08:43,2944,2984,2994,2994,20.125
2025-10-07 00:10:53,2949,2996,3001,2996,19.8125
2025-10-07 00:13:04,2949,3004,3000,2996,19.4375
2025-10-07 00:15:13,2960,2991,2999,2997,19.3125
2025-10-07 00:17:23,2952,3002,2995,2987,19.4375
2025-10-07 00:19:33,2947,2992,2996,2985,19.625
2025-10-07 00:21:43,2948,2985,2991,2997,19.75
2025-10-07 00:23:52,2954,2995,2992,3003,19.4375
2025-10-07 00:26:03,2969,3000,3001,3005,19.0625
2025-10-07 00:28:13,2966,3002,3003,2999,18.875
2025-10-07 00:30:23,2968,2995,2998,3000,19.1875
2025-10-07 00:32:32,2958,3002,3007,3005,19.3125
2025-10-07 00:34:42,2961,2993,2993,3004,19.5625
2025-10-07 00:36:53,2955,2995,3005,2997,19.5625
2025-10-07 00:39:03,2963,2998,3002,3010,19.3125
2025-10-07 00:41:14,2968,2995,2997,2999,19.1875
2025-10-07 00:43:23,2965,3004,3012,2995,19.0625
2025-10-07 00:45:32,2960,2995,3003,2998,19.125
2025-10-07 00:47:42,2961,3004,2995,2994,19.25
2025-10-07 00:49:53,2953,2997,2996,2988,19.3125
2025-10-07 00:52:03,2948,2999,3000,2993,19.5
2025-10-07 00:54:12,2950,2989,2992,2993,19.625
2025-10-07 00:56:22,2950,2993,2996,2994,19.6875
2025-10-07 00:58:32,2949,2993,2994,2996,19.75
2025-10-07 01:00:41,2948,2993,2990,2988,19.875
2025-10-07 01:02:51,2963,2991,2992,2996,19.875
2025-10-07 01:05:02,2944,2992,3007,2989,19.875
2025-10-07 01:07:12,2952,2996,2990,2999,19.875
2025-10-07 01:09:21,2953,2991,2992,2987,19.9375
2025-10-07 01:11:32,2952,2991,2998,2996,19.9375
2025-10-07 01:13:41,2947,2986,2993,2992,19.9375
2025-10-07 01:15:51,2949,2993,2995,2989,19.875
2025-10-07 01:18:01,2955,2998,2991,2990,19.9375
2025-10-07 01:20:12,2949,2991,2991,2996,20
2025-10-07 01:22:21,2961,2993,3000,3003,19.9375
2025-10-07 01:24:31,2948,2995,2996,3005,19.9375
2025-10-07 01:26:41,2953,2988,2986,2998,20
2025-10-07 01:28:51,2959,2992,2996,2989,19.9375
2025-10-07 01:31:01,2948,2988,2992,2995,19.9375
2025-10-07 01:33:12,2946,2992,2994,2990,19.9375
2025-10-07 01:35:21,2950,2988,2997,2993,20.0625
2025-10-07 01:37:31,2951,2985,2995,2981,20.0625
2025-10-07 01:39:41,2957,2992,2991,2998,20.0625
2025-10-07 01:41:51,2942,2994,3000,2993,19.9375
2025-10-07 01:44:01,2948,2993,2993,2996,19.9375
2025-10-07 01:46:11,2952,2986,2992,2989,20
2025-10-07 01:48:22,2950,2996,2983,2994,20
2025-10-07 01:50:31,2945,2994,2994,2988,19.9375
2025-10-07 01:52:41,2953,2997,2995,2988,20
2025-10-07 01:54:51,2954,2984,2995,2988,20.0625
2025-10-07 01:57:01,2953,2989,2989,2992,20.125
2025-10-07 01:59:11,2947,2987,2997,2991,20
2025-10-07 02:01:21,2955,2997,2993,2987,20.125
2025-10-07 02:03:31,2960,2998,3004,2994,19.9375
2025-10-07 02:05:40,2950,2995,2991,2988,20
2025-10-07 02:07:51,2947,2993,2990,3000,20
2025-10-07 02:10:02,2944,2987,2995,2993,20.0625
2025-10-07 02:12:12,2950,2986,2992,2994,20.0625
2025-10-07 02:14:21,2944,2992,2992,2990,19.9375
2025-10-07 02:16:31,2954,2991,2992,2995,20
2025-10-07 02:18:41,2964,2995,2992,2989,20
2025-10-07 02:20:51,2946,2989,2992,2999,20
2025-10-07 02:23:01,2954,2990,2995,2990,19.875
2025-10-07 02:25:11,2948,2994,2994,2984,19.875
2025-10-07 02:27:21,2947,2993,2997,2993,19.8125
2025-10-07 02:29:31,2951,2992,2989,2992,19.8125
2025-10-07 02:31:41,2953,2994,2997,2989,19.875
2025-10-07 02:33:50,2950,3003,2988,2994,19.875
2025-10-07 02:36:00,2954,2989,2993,2988,19.9375
2025-10-07 02:38:10,2955,2994,2986,2997,20.125
2025-10-07 02:40:22,2955,2999,2993,3000,20.125
2025-10-07 02:42:30,2949,2994,2995,2990,20.125
2025-10-07 02:44:40,2954,2991,2994,2995,20.0625
2025-10-07 02:46:50,2959,2995,2986,3001,19.9375
2025-10-07 02:49:00,2951,2994,2989,2996,20
2025-10-07 02:51:10,2950,2996,2987,2989,20.125
2025-10-07 02:53:20,2954,2987,2995,2990,19.9375
2025-10-07 02:55:30,2955,2995,2993,2982,20.125
2025-10-07 02:57:40,2946,2991,2996,2992,20.125
2025-10-07 02:59:50,2957,2991,2993,2992,20
2025-10-07 03:02:00,2941,2989,2991,2998,20
2025-10-07 03:04:10,2959,2993,2997,2987,20.0625
2025-10-07 03:06:20,2949,2992,2988,2994,20.0625
2025-10-07 03:08:30,2945,2993,2993,3003,20.0625
2025-10-07 03:10:41,2950,2984,2992,2999,20.1875
2025-10-07 03:12:50,2953,2986,2997,2987,20
2025-10-07 03:15:00,2953,2988,2988,2986,20.1875
2025-10-07 03:17:09,2947,2992,2987,2991,20.0625
2025-10-07 03:19:20,2953,2989,2992,2994,19.9375
2025-10-07 03:21:29,2954,2990,2996,2979,20.0625
2025-10-07 03:23:40,2956,2991,2995,2995,19.8125
2025-10-07 03:25:50,2953,3003,2991,2994,19.8125
2025-10-07 03:27:59,2955,2986,2997,2999,20
2025-10-07 03:30:10,2947,2993,2994,2984,20.0625
2025-10-07 03:32:19,2956,2987,3005,2994,19.9375
2025-10-07 03:34:29,2959,2999,2991,2993,19.8125
2025-10-07 03:36:39,2955,2997,2995,2996,19.9375
2025-10-07 03:38:49,2954,2991,2991,2990,19.9375
2025-10-07 03:40:59,2950,2992,2984,2991,19.875
2025-10-07 03:43:08,2955,2995,2993,2998,19.75
2025-10-07 03:45:18,2953,2988,3000,2988,19.6875
2025-10-07 03:47:28,2957,2996,2991,2994,19.6875
2025-10-07 03:49:38,2948,2995,2992,2997,19.6875
2025-10-07 03:51:49,2954,2994,2993,2993,19.875
2025-10-07 03:53:58,2948,2996,2997,2991,19.75
2025-10-07 03:56:10,2953,2992,2996,3001,19.625
2025-10-07 03:58:19,2954,2990,2997,3002,19.875
2025-10-07 04:00:29,2950,3002,2993,2993,19.625
2025-10-07 04:02:39,2959,2997,2991,3000,19.5625
2025-10-07 04:04:50,2953,3004,2996,2995,19.6875
2025-10-07 04:06:59,2953,2994,2990,3004,19.625
2025-10-07 04:09:10,2955,2997,2996,2999,19.5
2025-10-07 04:11:19,2959,2997,2988,2993,19.4375
2025-10-07 04:13:29,2954,2996,3002,3004,19.5625
2025-10-07 04:15:40,2958,2994,2998,2998,19.5
2025-10-07 04:17:49,2951,2991,2993,2989,19.4375
2025-10-07 04:19:59,2950,2999,2996,2994,19.5
2025-10-07 04:22:09,2956,2992,2998,3000,19.4375
2025-10-07 04:24:19,2958,3010,2991,2992,19.5
2025-10-07 04:26:30,2955,2999,2994,2993,19.5625
2025-10-07 04:28:38,2950,2995,2997,3001,19.5625
2025-10-07 04:30:49,2954,2997,3000,2994,19.375
2025-10-07 04:32:58,2957,2998,3003,2988,19.375
2025-10-07 04:35:08,2948,2989,3004,2997,19.375
2025-10-07 04:37:18,2954,2995,3002,2999,19.375
2025-10-07 04:39:28,2953,2987,2997,3004,19.3125
2025-10-07 04:41:38,2955,2990,2993,2998,19.4375
2025-10-07 04:43:48,2954,3005,2995,3005,19.3125
2025-10-07 04:45:58,2958,3003,2996,2999,19.375
2025-10-07 04:48:08,2960,3000,2990,3004,19.375
2025-10-07 04:50:18,2953,2999,2993,3005,19.375
2025-10-07 04:52:28,2953,2991,2993,2992,19.375
2025-10-07 04:54:39,2949,3001,3003,2990,19.375
2025-10-07 04:56:48,2950,2993,2999,2993,19.375
2025-10-07 04:58:59,2960,2999,3005,2993,19.3125
2025-10-07 05:01:09,2949,2992,3002,3004,19.3125
2025-10-07 05:03:18,2952,2999,2995,2990,19.25
2025-10-07 05:05:29,2958,2996,2994,2999,19.3125
2025-10-07 05:07:39,2949,3001,2995,2994,19.3125
2025-10-07 05:09:49,2956,2998,2993,3002,19.3125
2025-10-07 05:11:59,2962,3003,3005,2995,19.3125
2025-10-07 05:14:09,2964,2997,2997,2999,19.3125
2025-10-07 05:16:18,2959,2991,2993,3000,19.3125
2025-10-07 05:18:28,2964,2993,2997,2991,19.3125
2025-10-07 05:20:39,2959,2999,3005,2988,19.25
2025-10-07 05:22:48,2957,3002,2997,3002,19.25
2025-10-07 05:24:59,2955,2995,3005,2997,19.25
2025-10-07 05:27:09,2949,3000,3004,2999,19.3125
2025-10-07 05:29:18,2947,2997,3005,2991,19.25
2025-10-07 05:31:29,2958,2998,2991,3000,19.25
2025-10-07 05:33:39,2956,2994,2990,2991,19.25
2025-10-07 05:35:48,2965,2997,2993,2999,19.25
2025-10-07 05:37:58,2956,3003,2997,2999,19.3125
2025-10-07 05:40:09,2954,2999,2996,2993,19.25
2025-10-07 05:42:19,2955,2994,2997,2999,19.3125
2025-10-07 05:44:28,2952,3000,3000,2987,19.1875
2025-10-07 05:46:39,2965,2996,2999,3008,19.25
2025-10-07 05:48:48,2943,3001,2998,2999,19.3125
2025-10-07 05:50:58,2954,3007,2992,3004,19.25
2025-10-07 05:53:08,2954,3001,3003,3005,19.3125
2025-10-07 05:55:17,2952,2999,2998,2995,19.25
2025-10-07 05:57:28,2957,2994,3006,3004,19.25
2025-10-07 05:59:38,2958,3003,2997,3000,19.25
2025-10-07 06:01:48,2963,2995,3002,2988,19.3125
2025-10-07 06:03:58,2956,2999,2999,2997,19.3125
2025-10-07 06:06:07,2955,3000,2996,2992,19.25
2025-10-07 06:08:18,2954,2995,2999,2998,19.1875
2025-10-07 06:10:28,2958,2999,3000,3000,19.25
2025-10-07 06:12:38,2948,3003,2998,2994,19.25
2025-10-07 06:14:48,2963,2995,3006,3003,19.1875
2025-10-07 06:16:58,2954,3003,3001,3000,19.1875
2025-10-07 06:19:08,2951,3003,3008,3001,19.1875
2025-10-07 06:21:18,2963,2997,2994,2993,19.25
2025-10-07 06:23:28,2956,2993,2999,2989,19.3125
2025-10-07 06:25:37,2963,2994,3002,2995,19.25
2025-10-07 06:27:47,2953,2991,2999,2994,19.1875
2025-10-07 06:29:57,2969,2999,2995,2995,19.1875
2025-10-07 06:32:07,2954,3001,2997,3000,19.1875
2025-10-07 06:34:17,2955,2996,2998,2998,19.1875
2025-10-07 06:36:27,2960,2987,2993,3000,19.125
2025-10-07 06:38:38,2956,2999,2999,2996,19.1875
2025-10-07 06:40:47,2956,2993,2999,3001,19.1875
2025-10-07 06:42:57,2964,2997,2997,3005,19.1875
2025-10-07 06:45:07,2954,3000,2997,2999,19.125
2025-10-07 06:47:17,2960,3002,3002,2992,19.125
2025-10-07 06:49:27,2957,3002,2997,2999,19.125
2025-10-07 06:51:37,2953,2996,2993,2999,19.125
2025-10-07 06:53:46,2955,2995,2997,3000,19.0625
2025-10-07 06:55:57,2953,2993,2997,3005,19.0625
2025-10-07 06:58:07,2963,3001,2994,2996,19.0625
2025-10-07 07:00:17,2963,3000,3002,3004,19.0625
2025-10-07 07:02:27,2951,2999,2994,2992,19.0625
2025-10-07 07:04:37,2948,2998,3000,2995,19.0625
2025-10-07 07:06:46,2960,2996,3007,3004,19.0625
2025-10-07 07:08:57,2954,3004,3002,3006,19
2025-10-07 07:11:06,2953,2999,3006,2999,19.0625
2025-10-07 07:13:16,2961,2993,3004,3000,19
2025-10-07 07:15:26,2959,2998,2997,2999,19.0625
2025-10-07 07:17:36,2957,2997,3005,3000,18.875
2025-10-07 07:19:46,2958,2994,2998,2999,18.8125
2025-10-07 07:21:56,2961,2997,3003,3001,18.8125
2025-10-07 07:24:06,2955,3004,3011,3006,18.875
2025-10-07 07:26:15,2961,3004,2999,3005,18.875
2025-10-07 07:28:25,2958,2998,3000,2996,18.8125
2025-10-07 07:30:34,2965,3006,2999,3011,18.875
2025-10-07 07:32:44,2963,3001,3001,2998,18.8125
2025-10-07 07:34:54,2969,3003,3005,3002,18.8125
2025-10-07 07:37:04,2969,3001,2998,3004,18.75
2025-10-07 07:39:15,2960,3009,2999,3004,18.75
2025-10-07 07:41:24,2964,2999,2997,2998,18.75
2025-10-07 07:43:34,2955,3004,3001,3005,18.8125
2025-10-07 07:45:44,2962,3008,2993,3009,18.8125
2025-10-07 07:47:54,2959,3010,3008,3002,18.875
2025-10-07 07:50:04,2963,3001,3003,3005,18.625
2025-10-07 07:52:15,2962,2998,3003,2997,18.5
2025-10-07 07:54:24,2968,3008,3010,3012,18.25
2025-10-07 07:56:34,2972,3016,3016,3004,17.8125
2025-10-07 07:58:44,2974,3016,3011,3006,17.625
2025-10-07 08:00:54,2973,3022,3006,3014,17.4375
2025-10-07 08:03:06,2975,3018,3008,3002,17.5625
2025-10-07 08:05:13,2969,3008,3012,3001,17.5625
2025-10-07 08:07:23,2976,3011,3016,2999,17.5625
2025-10-07 08:09:34,2966,3013,3009,3008,17.625
2025-10-07 08:11:44,2971,3013,3006,3017,17.625
2025-10-07 08:13:54,2960,3010,3004,3010,17.6875
2025-10-07 08:16:03,2965,3008,3011,3005,17.75
2025-10-07 08:18:13,2968,3014,3012,3011,17.75
2025-10-07 08:20:23,2967,3008,3014,3005,17.75
2025-10-07 08:22:33,2967,3015,3005,3008,17.5625
2025-10-07 08:24:43,2974,3015,3014,3012,17.5625
2025-10-07 08:26:53,2966,3014,3023,3013,17.5625
2025-10-07 08:29:03,2968,3006,3016,3007,17.625
2025-10-07 08:31:14,2973,3005,3003,3016,17.75
2025-10-07 08:33:23,2965,3010,3022,3016,17.8125
2025-10-07 08:35:33,2963,3010,3013,3000,17.8125
2025-10-07 08:37:43,2963,3010,3011,3009,17.875
2025-10-07 08:39:53,2964,3008,3008,3007,17.8125
2025-10-07 08:42:03,2967,3010,3012,3006,17.9375
2025-10-07 08:44:15,2965,3009,3005,2997,18
2025-10-07 08:46:22,2973,3016,3007,3019,17.8125
2025-10-07 08:48:32,2958,3012,3006,3006,17.875
2025-10-07 08:50:42,2963,3011,3013,3007,17.875
2025-10-07 08:52:52,2961,3010,3012,3007,17.8125
2025-10-07 08:55:02,2975,3013,3011,3007,17.8125
2025-10-07 08:57:12,2970,3012,3011,3018,17.75
2025-10-07 08:59:22,2971,3012,3018,3003,17.75
2025-10-07 09:01:32,2973,3009,3011,3014,17.75
2025-10-07 09:03:42,2981,3014,3016,3011,17.8125
2025-10-07 09:05:51,2974,3009,3009,3012,17.8125
2025-10-07 09:08:01,2970,3011,3014,3016,17.875
2025-10-07 09:10:12,2964,3006,3015,3006,17.75
2025-10-07 09:12:21,2967,3012,3017,3006,17.875
2025-10-07 09:14:31,2967,3006,3017,3007,18
2025-10-07 09:16:41,2971,3016,3003,3018,18
2025-10-07 09:18:50,2965,3019,3017,3010,18
2025-10-07 09:21:01,2963,3017,3008,3009,18
2025-10-07 09:23:11,2964,3015,3011,3005,18.0625
2025-10-07 09:25:22,2959,3014,3011,3011,18.3125
2025-10-07 09:27:32,2969,3013,3000,3005,18.375
2025-10-07 09:29:42,2965,2999,2999,3003,18.5
2025-10-07 09:31:51,2961,3008,3002,2999,18.5
2025-10-07 09:34:01,2963,3005,3005,3003,18.4375
2025-10-07 09:36:10,2958,3006,3015,3000,18.375
2025-10-07 09:38:20,2965,3006,3018,3000,18.5
2025-10-07 09:40:30,2967,3005,3013,3004,18.4375
2025-10-07 09:42:40,2972,3005,3012,3008,18.375
2025-10-07 09:44:50,2963,3005,3002,3008,18.5625
2025-10-07 09:47:00,2972,3014,3011,3009,18.5
2025-10-07 09:49:11,2966,3006,3013,3000,18.375
2025-10-07 09:51:21,2960,3004,3011,3003,18.5625
2025-10-07 09:53:30,2964,2998,3005,3001,18.8125
2025-10-07 09:55:40,2959,3010,2998,3007,18.875
2025-10-07 09:57:50,2959,3015,3013,3001,18.8125
2025-10-07 10:00:00,2967,3005,3004,3008,18.8125
2025-10-07 10:02:10,2966,3010,3005,3009,18.9375
2025-10-07 10:04:20,2962,3007,3011,3006,18.9375
2025-10-07 10:06:30,2959,2999,3009,3000,18.875
2025-10-07 10:08:40,2961,3000,3004,3005,19
2025-10-07 10:10:50,2961,3001,3002,3000,19
2025-10-07 10:13:00,2955,2998,3010,3001,19
2025-10-07 10:15:10,2958,3006,3004,3007,18.9375
2025-10-07 10:17:20,2961,3000,3012,3001,18.875
2025-10-07 10:19:29,2958,3000,3001,3002,18.875
2025-10-07 10:21:40,2960,3000,3004,3002,18.9375
2025-10-07 10:23:50,2961,3004,3005,2997,19.0625
2025-10-07 10:26:00,2955,3002,3003,2999,19
2025-10-07 10:28:11,2963,2993,3001,2999,19.0625
2025-10-07 10:30:19,2959,3003,2992,2994,19.0625
2025-10-07 10:32:29,2963,3005,3001,3010,19.0625
2025-10-07 10:34:39,2963,2987,3002,2991,19.1875
2025-10-07 10:36:49,2952,3003,2998,3005,19.1875
2025-10-07 10:38:58,2959,3004,2999,3001,19.1875
2025-10-07 10:41:09,2962,2999,3007,2992,19.1875
2025-10-07 10:43:18,2965,2998,2994,2994,19.25
2025-10-07 10:45:28,2956,3002,3001,3000,19.1875
2025-10-07 10:47:38,2964,2999,2998,3005,19.3125
2025-10-07 10:49:50,2955,2991,3007,3001,19.5625
2025-10-07 10:52:00,2967,3002,2997,2999,19.5625
2025-10-07 10:54:08,2965,3000,2997,3003,19.625
2025-10-07 10:56:17,2961,2997,3000,2993,19.6875
2025-10-07 10:58:28,2953,3000,2997,3005,19.6875
2025-10-07 11:00:38,2959,2996,2992,3003,19.75
2025-10-07 11:02:48,2962,3006,2992,3002,19.75
2025-10-07 11:04:58,2959,3003,2993,2994,19.8125
2025-10-07 11:07:08,2961,2999,3003,3004,19.8125
2025-10-07 11:09:20,2952,3009,2993,2993,19.8125
2025-10-07 11:11:28,2963,2999,2999,2999,19.875
2025-10-07 11:13:39,2957,3001,2993,2999,20
2025-10-07 11:15:48,2961,3004,3001,2998,19.9375
2025-10-07 11:17:58,2956,3005,2997,2993,20.0625
2025-10-07 11:20:08,2961,2994,2999,2994,20.3125
2025-10-07 11:22:18,2959,3000,2994,2992,20.0625
2025-10-07 11:24:29,2957,2998,3001,2995,20.0625
2025-10-07 11:26:39,2955,3000,2999,2993,20.3125
2025-10-07 11:28:48,2963,2998,3001,2998,20.0625
2025-10-07 11:30:58,2965,2992,2994,2998,20
2025-10-07 11:33:08,2960,2997,3000,2993,20.0625
2025-10-07 11:35:19,2962,2996,2998,2994,20.125
2025-10-07 11:37:28,2964,3004,2995,2993,20.1875
2025-10-07 11:39:39,2958,2989,2992,2995,20.1875
2025-10-07 11:41:49,2958,2998,2992,2991,20.125
2025-10-07 11:43:59,2961,2992,2999,2987,20.125
2025-10-07 11:46:09,2966,2993,2996,2989,20.1875
2025-10-07 11:48:20,2948,2991,2991,2995,20.1875
2025-10-07 11:50:29,2949,2997,2989,2987,20.25
2025-10-07 11:52:39,2954,2997,2991,2994,20.25
2025-10-07 11:54:49,2959,2996,2995,2985,20.25
2025-10-07 11:56:59,2946,2997,2986,2986,20.25
2025-10-07 11:59:09,2957,2989,2993,2988,20.3125
2025-10-07 12:01:22,2956,2997,2991,2991,20.3125
2025-10-07 12:03:30,2952,2986,2983,2982,20.3125
2025-10-07 12:05:40,2950,2992,2985,2996,20.375
2025-10-07 12:07:50,2958,2988,2988,2987,20.375
2025-10-07 12:10:02,2952,2982,2987,2982,20.375
2025-10-07 12:12:10,2957,2992,2983,2995,20.375
2025-10-07 12:14:20,2950,2987,2982,2993,20.4375
2025-10-07 12:16:30,2943,2985,2992,2985,20.375
2025-10-07 12:18:41,2951,2993,2985,2982,20.375
2025-10-07 12:20:50,2950,2983,2988,2982,20.4375
2025-10-07 12:23:00,2947,2990,2981,2984,20.5625
2025-10-07 12:25:10,2941,2986,2989,2980,20.5625
2025-10-07 12:27:20,2955,2986,2979,2986,20.5625
2025-10-07 12:29:30,2951,2989,2984,2996,20.5625
2025-10-07 12:31:41,2949,2990,2983,2986,20.5625
2025-10-07 12:33:52,2942,2983,2986,2992,20.625
2025-10-07 12:36:02,2946,2993,2987,2983,20.625
2025-10-07 12:38:14,2943,2979,2986,2984,20.625
2025-10-07 12:40:23,2928,2982,2987,2982,20.6875
2025-10-07 12:42:34,2944,2978,2986,2981,20.75
2025-10-07 12:44:44,2948,2986,2980,2978,20.625
2025-10-07 12:46:55,2941,2984,2984,2987,20.625
2025-10-07 12:49:07,2939,2984,2982,2975,20.6875
2025-10-07 12:51:16,2946,2983,2991,2983,20.8125
2025-10-07 12:53:27,2934,2975,2980,2986,20.875
2025-10-07 12:55:38,2935,2978,2985,2981,20.9375
2025-10-07 12:57:49,2939,2983,2983,2978,20.875
2025-10-07 12:59:58,2938,2976,2989,2978,20.9375
2025-10-07 13:02:09,2934,2975,2987,2987,20.875
2025-10-07 13:04:20,2942,2975,2979,2979,20.9375
2025-10-07 13:06:34,2944,2987,2986,2980,21.125
2025-10-07 13:08:44,2935,2985,2978,2973,20.9375
2025-10-07 13:10:55,2955,2980,2981,2981,20.875
2025-10-07 13:11:10,2936,2972,2966,2981,21
2025-10-07 13:13:03,2935,2983,2985,2982,20.9375
2025-10-07 13:15:15,2943,2976,2982,2976,21
2025-10-07 13:17:25,2938,2980,2978,2975,21.0625
2025-10-07 13:19:35,2938,2977,2982,2985,21.0625
2025-10-07 13:21:46,2938,2968,2978,2973,21.125
2025-10-07 13:23:56,2940,2980,2973,2989,21.125
2025-10-07 13:26:06,2931,2977,2975,2965,21.25
2025-10-07 13:28:17,2935,2977,2978,2970,21.4375
2025-10-07 13:30:28,2936,2976,2978,2972,21.3125
2025-10-07 13:32:38,2933,2970,2981,2965,21.3125
2025-10-07 13:34:49,2928,2972,2967,2973,21.3125
2025-10-07 13:36:59,2938,2973,2976,2980,21.375
2025-10-07 13:39:10,2936,2975,2976,2979,21.375
2025-10-07 13:41:20,2941,2969,2981,2976,21.4375
2025-10-07 13:43:33,2926,2967,2977,2975,21.4375
2025-10-07 13:45:42,2932,2966,2974,2962,21.625
2025-10-07 13:47:52,2930,2966,2971,2969,21.4375
2025-10-07 13:50:02,2934,2970,2967,2975,21.375
2025-10-07 13:52:13,2940,2983,2976,2970,21.3125
2025-10-07 13:54:24,2930,2970,2970,2963,21.3125
2025-10-07 13:56:35,2946,2980,2972,2970,21.5
2025-10-07 13:58:46,2943,2968,2982,2971,21.3125
2025-10-07 14:00:56,2938,2968,2973,2973,21.375
2025-10-07 14:03:07,2932,2970,2975,2973,21.375
2025-10-07 14:05:18,2940,2981,2980,2965,21.3125
2025-10-07 14:07:28,2939,2974,2976,2981,21.3125
2025-10-07 14:09:39,2941,2971,2972,2965,21.375
2025-10-07 14:11:49,2924,2974,2977,2974,21.4375
2025-10-07 14:13:59,2937,2970,2972,2972,21.625
2025-10-07 14:16:09,2930,2975,2969,2964,21.5625
2025-10-07 14:18:20,2930,2971,2973,2974,21.5625
2025-10-07 14:20:31,2926,2963,2978,2969,21.4375
2025-10-07 14:22:41,2935,2968,2975,2971,21.4375
2025-10-07 14:24:53,2936,2976,2975,2975,21.75
2025-10-07 14:27:04,2931,2976,2974,2959,21.5
2025-10-07 14:29:14,2924,2969,2967,2975,21.6875
2025-10-07 14:31:25,2938,2971,2974,2969,21.6875
2025-10-07 14:33:36,2935,2966,2972,2971,21.625
2025-10-07 14:35:46,2930,2974,2972,2965,21.5625
2025-10-07 14:37:56,2934,2969,2978,2970,21.5625
2025-10-07 14:40:06,2926,2966,2981,2967,21.625
2025-10-07 14:42:17,2926,2973,2964,2968,21.625
2025-10-07 14:44:28,2929,2973,2977,2973,21.75
2025-10-07 14:46:38,2941,2978,2968,2972,21.75
2025-10-07 14:48:48,2934,2972,2970,2962,21.6875
2025-10-07 14:50:59,2929,2963,2975,2954,21.75
2025-10-07 14:53:09,2935,2974,2966,2968,21.8125
2025-10-07 14:55:21,2935,2970,2969,2962,21.6875
2025-10-07 14:57:31,2926,2974,2974,2963,21.8125
2025-10-07 14:59:41,2928,2965,2977,2967,21.8125
2025-10-07 15:01:51,2935,2970,2969,2969,21.9375
2025-10-07 15:04:01,2927,2964,2964,2970,21.8125
2025-10-07 15:06:12,2939,2969,2967,2963,21.8125
2025-10-07 15:08:22,2931,2973,2966,2964,21.875
2025-10-07 15:10:32,2930,2966,2965,2972,21.9375
2025-10-07 15:12:43,2934,2964,2972,2962,21.875
2025-10-07 15:14:53,2931,2970,2969,2951,21.875
2025-10-07 15:17:04,2933,2963,2968,2963,21.875
2025-10-07 15:19:14,2926,2965,2961,2954,21.9375
2025-10-07 15:21:25,2927,2965,2975,2967,21.9375
2025-10-07 15:23:34,2927,2970,2968,2963,21.9375
2025-10-07 16:07:22,2922,2954,2958,2955,22.0625
2025-10-07 16:08:56,2922,2960,2961,2958,22.0625
2025-10-07 16:11:06,2918,2967,2963,2963,22
2025-10-07 16:13:16,2930,2964,2965,2967,22
2025-10-07 16:15:26,2928,2963,2970,2962,22
2025-10-07 16:17:35,2929,2965,2962,2962,21.9375
2025-10-07 16:19:45,2923,2968,2959,2964,21.9375
2025-10-07 16:21:56,2930,2968,2966,2968,21.875
2025-10-07 16:24:06,2936,2964,2968,2964,21.875
2025-10-07 16:26:15,2942,2966,2977,2963,21.9375
2025-10-07 16:28:25,2930,2953,2960,2961,21.9375
2025-10-07 16:30:36,2924,2969,2958,2957,22.0625
2025-10-07 16:32:45,2923,2957,2959,2972,22.0625
2025-10-07 16:34:54,2920,2968,2972,2962,22.1875
2025-10-07 16:37:04,2927,2969,2960,2964,22.25
2025-10-07 16:39:14,2931,2969,2962,2964,22.25
2025-10-07 16:41:24,2919,2953,2965,2959,22.1875
2025-10-07 16:43:33,2926,2966,2965,2965,22.1875
2025-10-07 16:45:43,2928,2973,2961,2971,22.1875
2025-10-07 16:47:53,2918,2966,2964,2962,22.1875
2025-10-07 16:50:03,2932,2957,2977,2960,22.1875
2025-10-07 16:52:12,2936,2969,2970,2965,22.25
2025-10-07 16:54:24,2925,2961,2964,2958,22.25
2025-10-07 16:56:32,2920,2964,2971,2969,22.1875
2025-10-07 16:58:41,2922,2974,2973,2976,22.125
2025-10-07 17:00:52,2924,2981,2963,2964,22
2025-10-07 17:03:03,2929,2966,2969,2964,22.0625
2025-10-07 17:05:11,2922,2984,2957,2975,22.0625
2025-10-07 17:07:22,2927,2972,2965,2967,22.0625
2025-10-07 17:09:34,2938,2967,2964,2967,22
2025-10-07 17:11:43,2936,2964,2980,2967,21.9375
2025-10-07 17:13:53,2931,2971,2968,2964,21.9375
2025-10-07 17:16:04,2926,2972,2978,2965,21.875
2025-10-07 17:18:14,2932,2983,2976,2968,21.9375
2025-10-07 17:20:25,2941,2975,2970,2967,21.875
2025-10-07 17:22:38,2936,2972,2973,2974,22
2025-10-07 17:24:46,2937,2970,2974,2967,21.9375
2025-10-07 17:27:01,2932,2973,2975,2970,22.0625
2025-10-07 17:29:08,2938,2971,2968,2971,22.0625
2025-10-07 17:31:18,2934,2969,2961,2975,22
2025-10-07 17:33:28,2932,2971,2974,2972,22.0625
2025-10-07 17:35:39,2929,2977,2976,2969,21.9375
2025-10-07 17:37:49,2935,2978,2967,2974,21.9375
2025-10-07 17:40:01,2933,2974,2979,2966,21.875
2025-10-07 17:42:10,2952,2971,2982,2978,21.8125
2025-10-07 17:44:22,2933,2981,2971,2977,21.8125
2025-10-07 17:46:32,2940,2978,2967,2974,21.875
2025-10-07 17:48:42,2949,2970,2974,2980,21.75
2025-10-07 17:50:53,2953,2979,2983,2977,21.6875
2025-10-07 17:53:04,2953,2976,2983,2978,21.625
2025-10-07 17:55:14,2956,2975,2978,2974,21.5625
2025-10-07 17:57:25,2949,2983,2979,2977,21.5
2025-10-07 17:59:35,2955,2983,2973,2976,21.5625
2025-10-07 18:01:46,2966,2974,2973,2975,21.5625
2025-10-07 18:03:56,2961,2973,2987,2982,21.5
2025-10-07 18:06:07,2962,2983,2982,2982,21.5
2025-10-07 18:08:17,2959,2982,2981,2978,21.5
2025-10-07 18:10:28,2954,2982,2975,2973,21.5
2025-10-07 18:12:39,2953,2985,2979,2988,21.4375
2025-10-07 18:14:49,2962,2982,2986,2969,21.4375
2025-10-07 18:16:59,2976,2991,2985,2986,21.375
2025-10-07 18:19:10,2966,2986,2988,2984,21.3125
2025-10-07 18:21:20,2964,2982,2985,2976,21.375
2025-10-07 18:23:30,2960,2983,2987,2988,21.3125
2025-10-07 18:25:41,2961,2984,2979,2975,21.5625
2025-10-07 18:27:51,2973,2983,2977,2984,21.375
2025-10-07 18:30:01,2984,2987,2984,2984,21.375
2025-10-07 18:32:11,2969,2996,2980,2975,21.4375
2025-10-07 18:34:21,2970,2988,2988,2979,21.375
2025-10-07 18:36:33,2966,2976,2977,2975,21.375
2025-10-07 18:38:42,2983,2987,2989,2984,21.375
2025-10-07 18:40:57,2979,2984,2988,2982,21.375
2025-10-07 18:43:02,2987,2992,2988,2990,21.3125
2025-10-07 18:45:12,2986,2989,2987,2986,21.1875
2025-10-07 18:47:23,2988,2991,2978,2978,21.25
2025-10-07 18:49:33,2982,2997,2988,2996,21.125
2025-10-07 18:51:42,2996,2994,3003,2993,21.1875
2025-10-07 18:53:52,2985,2996,2997,2987,21.1875
2025-10-07 18:56:04,2981,2987,2988,2984,21.1875
2025-10-07 18:58:12,2992,2994,2990,2993,21.125
2025-10-07 19:00:23,2997,2997,2996,2993,21.125
2025-10-07 19:02:32,2994,2994,2991,2985,21.125
2025-10-07 19:04:42,3000,2999,2996,2984,21.125
2025-10-07 19:06:52,2999,2996,2985,2988,21.125
2025-10-07 19:09:02,3000,2985,2990,2989,21.0625
2025-10-07 19:11:14,2992,2995,2985,2993,21.125
2025-10-07 19:13:23,2985,2994,2986,2982,21.0625
2025-10-07 19:15:33,2977,2991,2980,2986,21.125
2025-10-07 19:17:42,2990,2995,2987,2994,21.125
2025-10-07 19:19:53,2994,2991,2995,2987,21.125
2025-10-07 19:22:03,2996,2990,2996,2983,21.0625
2025-10-07 19:24:13,2991,2998,2981,2983,21.1875
2025-10-07 19:26:22,2994,2999,2990,2984,21.125
2025-10-07 19:28:32,2994,2990,2984,2982,21.125
2025-10-07 19:30:44,2981,2997,2992,2986,21.1875
2025-10-07 19:32:53,2987,2996,2986,2989,21.3125
2025-10-07 19:35:03,2993,2999,2992,2988,21.1875
2025-10-07 19:37:13,2996,2991,2985,2991,21.1875
2025-10-07 19:39:24,2985,2992,2990,2987,21.125
2025-10-07 19:41:34,2981,2999,2989,2983,21.1875
2025-10-07 19:43:43,2989,2991,2992,2990,21.125
2025-10-07 19:45:53,2991,2988,2985,2985,21.125
2025-10-07 19:48:04,2992,2997,2980,2987,21.0625
2025-10-07 19:50:14,2987,2996,2992,2986,20.9375
2025-10-07 19:52:25,2986,2992,2994,2988,20.9375
2025-10-07 19:54:34,2990,3003,2984,2983,20.9375
2025-10-07 19:56:44,2997,2999,2991,2992,21.0625
2025-10-07 19:58:54,3004,2994,2983,2986,21.125
2025-10-07 20:01:05,2979,2993,2987,2988,21.1875
2025-10-07 20:03:14,2987,2983,2991,2991,21.1875
2025-10-07 20:05:24,2996,2995,2992,2987,21.25
2025-10-07 20:07:34,2998,2989,2991,2981,21.3125
2025-10-07 20:09:46,2967,2996,2985,2977,21.3125
2025-10-07 20:11:55,2981,3001,2990,2990,21.25
2025-10-07 20:14:06,2980,2986,2992,2982,21.25
2025-10-07 20:16:15,2991,2995,2986,2983,21.1875
2025-10-07 20:18:25,2989,2997,2988,2986,21.125
2025-10-07 20:20:39,2988,2993,2984,2991,21.1875
2025-10-07 20:22:47,2984,2994,2993,2987,21.3125
2025-10-07 20:24:56,2987,2997,2987,2994,21.125
2025-10-07 20:27:06,2987,2993,2990,2978,21.0625
2025-10-07 20:29:17,2987,2998,2987,2978,21
2025-10-07 20:31:28,2973,2996,2987,2979,21.0625
2025-10-07 20:33:38,2987,2996,2992,2991,21.0625
2025-10-07 20:35:47,2991,2995,2987,2989,21.0625
2025-10-07 20:37:58,2988,2994,2987,2983,21.0625
2025-10-07 20:40:08,2987,2994,2991,2983,21.25
2025-10-07 20:42:18,2992,2988,2989,2987,21
2025-10-07 20:44:28,2988,2992,2990,2982,21.0625
2025-10-07 20:46:38,2996,2996,2986,2986,21.125
2025-10-07 20:48:48,2995,2996,2981,2984,21.125
2025-10-07 20:50:58,2994,2986,2986,2989,21.0625
2025-10-07 20:53:08,2986,2999,2989,2992,21.1875
2025-10-07 20:55:19,2994,2997,2988,2984,21.25
2025-10-07 20:57:30,2990,2988,2988,2985,21.3125
2025-10-07 20:59:40,2985,2998,2991,2976,21.375
2025-10-07 21:01:51,2996,2991,2989,2990,21.25
2025-10-07 21:04:00,2978,2993,2985,2987,21.3125
2025-10-07 21:06:11,2980,2999,2989,2988,21.3125
2025-10-07 21:09:42,2981,3001,2987,2982,21.3125
2025-10-07 21:09:42,2935,2985,2981,2968,21.375
2025-10-07 21:09:42,2933,2973,2977,2968,21.625
2025-10-07 21:09:42,2931,2986,2971,2974,21.3125
2025-10-07 21:10:31,2981,2998,2976,2977,21.25
2025-10-07 21:12:42,2981,2980,2994,2986,21.25
2025-10-07 21:14:52,2977,2993,2984,2980,21.25
2025-10-07 21:17:02,2978,2995,2984,2982,21.125
2025-10-07 21:19:13,2987,2990,2998,2992,21.1875
2025-10-07 21:21:23,2993,2999,2983,2981,21.3125
2025-10-07 21:23:34,2977,2994,2986,2989,21.3125
2025-10-07 21:25:45,2985,2991,2984,2981,21.4375
2025-10-07 21:27:55,2978,2988,2981,2981,21.375
2025-10-07 21:30:06,2983,2993,2984,2976,21.3125
2025-10-07 21:32:18,2981,2991,2986,2984,21.3125
2025-10-07 21:34:27,2979,2983,2985,2977,21.3125
2025-10-07 21:36:37,2983,2989,2988,2978,21.375
2025-10-07 21:38:48,2978,2989,2982,2987,21.4375
2025-10-07 21:40:59,2977,2989,2981,2983,21.375
2025-10-07 21:43:09,2979,2997,2983,2979,21.375
2025-10-07 21:45:19,2979,2988,2992,2977,21.4375
2025-10-07 21:47:30,2975,2990,2986,2990,21.4375
2025-10-07 21:49:40,2985,2985,2987,2982,21.4375
2025-10-07 21:51:51,2975,2995,2984,2976,21.5
2025-10-07 21:54:02,2982,2990,2990,2981,21.5625
2025-10-07 21:56:13,2975,2996,2986,2980,21.5
2025-10-07 21:58:23,2984,2980,2993,2978,21.5
2025-10-07 22:00:33,2983,2991,2982,2980,21.5
2025-10-07 22:02:43,2984,2999,2985,2979,21.4375
2025-10-07 22:04:54,2987,2990,2992,2979,21.4375
2025-10-07 22:07:05,2986,2994,2997,2989,21.375
2025-10-07 22:09:15,2982,2995,2983,2987,21.4375
2025-10-07 22:11:25,2984,2998,2992,2982,21.375
2025-10-07 22:13:35,2993,2994,2990,2979,21.375
2025-10-07 22:15:45,2984,2993,2997,2987,21.4375
2025-10-07 22:17:56,2975,2992,2983,2984,21.4375
2025-10-07 22:20:06,2990,2992,2985,2986,21.4375
2025-10-07 22:22:17,2976,2996,2986,2982,21.375
2025-10-07 22:24:27,2985,2995,2981,2991,21.375
2025-10-07 22:26:37,2991,2998,2987,2979,21.4375
2025-10-07 22:28:48,2989,2993,2988,2984,21.5625
2025-10-07 22:30:59,2989,2991,2983,2987,21.625
2025-10-07 22:33:08,2987,2980,2980,2986,21.6875
2025-10-07 22:35:19,2992,2989,2991,2983,21.75
2025-10-07 22:37:30,2997,2992,2991,2981,21.75
2025-10-07 22:39:40,2983,2991,2983,2974,21.75
2025-10-07 22:41:53,2971,2983,2982,2977,21.75
2025-10-07 22:44:01,2983,3003,2980,2976,21.75
2025-10-07 22:46:12,2993,2995,2987,2985,21.75
2025-10-07 22:48:24,2987,2989,2980,2975,21.75
2025-10-07 22:50:33,2991,2993,2983,2980,21.875
2025-10-07 22:52:44,2988,2993,2979,2983,21.75
2025-10-07 22:54:55,2995,2994,2974,2982,21.8125
2025-10-07 22:57:05,2989,2991,2983,2978,21.625
2025-10-07 22:59:16,2990,2995,2982,2977,21.6875
2025-10-07 23:01:27,2979,2989,2981,2984,21.625
2025-10-07 23:03:37,2985,2990,2985,2978,21.625
2025-10-07 23:05:49,2978,2997,2992,2989,21.125
2025-10-07 23:07:58,2996,3003,2993,2997,20.6875
2025-10-07 23:10:08,3001,2999,2989,2988,20.4375
2025-10-07 23:12:19,3002,2997,3003,2988,20.25
2025-10-07 23:14:33,2997,2993,2997,2994,20.25
2025-10-07 23:16:42,2985,3001,2996,2991,20.25
2025-10-07 23:18:50,2999,3000,2983,2993,20.4375
2025-10-07 23:20:59,2999,2999,2989,2992,20.625
2025-10-07 23:23:09,2998,2991,2995,2987,20.8125
2025-10-07 23:25:20,3005,2993,2988,2986,21
2025-10-07 23:27:33,2999,2984,2992,2982,21.0625
2025-10-07 23:29:42,2983,2989,2983,2982,21.0625
2025-10-07 23:31:51,2984,3000,2987,2989,21.125
2025-10-07 23:34:01,2992,2997,2985,2992,21.375
2025-10-07 23:36:11,2987,2990,2981,2977,21.1875
2025-10-07 23:38:22,2983,2997,2989,2985,21.25
2025-10-07 23:40:35,2967,2995,2990,2986,21.5
2025-10-07 23:42:43,2987,2994,2986,2982,21.25
2025-10-07 23:44:54,2987,2993,2995,2978,21.25
2025-10-07 23:47:05,2982,2994,2992,2989,21.25
2025-10-07 23:49:15,2986,2989,2991,2986,21.25
2025-10-07 23:51:25,2982,2998,2990,2979,21.1875
2025-10-07 23:53:36,2989,2992,2991,2991,21.4375
2025-10-07 23:55:47,2990,2996,2989,2985,21.1875
2025-10-07 23:57:57,2986,2993,2995,2975,21.1875
2025-10-08 00:00:08,2983,2995,2993,2980,21.1875
2025-10-08 00:02:18,2999,2998,2999,2981,21.25
2025-10-08 00:04:29,2987,2998,2993,2978,21.25
2025-10-08 00:06:40,2994,2997,2985,2982,21.1875
2025-10-08 00:08:50,2986,2998,2979,2986,21.1875
2025-10-08 00:11:01,2992,2994,2991,2982,21.4375
2025-10-08 00:13:10,2987,2990,2992,2988,21.1875
2025-10-08 00:15:22,2972,2990,2992,2983,21.1875
2025-10-08 00:17:32,2982,2993,2992,2992,21.125
2025-10-08 00:19:42,2992,2999,2996,2987,21.1875
2025-10-08 00:21:53,2994,3000,2994,2976,21.1875
2025-10-08 00:24:04,2984,2991,2986,2985,21.1875
2025-10-08 00:26:14,2986,2996,2986,2982,21.1875
2025-10-08 00:28:24,2983,2997,2984,2988,21.125
2025-10-08 00:30:35,2987,2993,2987,2988,21.125
2025-10-08 00:32:45,2987,2993,2991,2978,21.125
2025-10-08 00:34:56,2988,2993,2989,2986,21.0625
2025-10-08 00:37:06,2992,2996,2988,2990,21.0625
2025-10-08 00:39:17,2988,2993,2984,2992,21.0625
2025-10-08 00:41:27,2990,2998,2989,2989,21.0625
2025-10-08 00:43:37,2994,2990,2986,2985,21.0625
2025-10-08 00:45:49,2970,3002,2986,2989,21.0625
2025-10-08 00:47:58,2987,2991,2994,2980,21.0625
2025-10-08 00:50:09,2978,2993,2996,2981,21.0625
2025-10-08 00:52:19,2984,2995,2996,2979,21.0625
2025-10-08 00:54:30,2986,2999,2991,2984,21.125
2025-10-08 00:56:41,2989,2995,2994,2987,21.0625
2025-10-08 00:58:50,2987,2990,2990,2988,21.125
2025-10-08 01:01:01,2984,3005,2985,2982,21
2025-10-08 01:03:11,2984,2998,2987,2989,21.0625
2025-10-08 01:05:22,2982,2996,2985,2984,21.3125
2025-10-08 01:07:32,2982,3002,2992,2986,21
2025-10-08 01:09:42,2985,2994,2987,2989,21
2025-10-08 01:11:53,2990,2999,2986,2983,21.0625
2025-10-08 01:14:03,2983,2995,2989,2989,21.1875
2025-10-08 01:16:13,2996,2994,2984,2989,21
2025-10-08 01:18:24,2982,2996,2993,2986,21.1875
2025-10-08 01:20:35,2975,2997,2989,2983,21
2025-10-08 01:22:45,2979,2992,2989,2984,21
2025-10-08 01:24:55,2975,3007,2991,2994,21
2025-10-08 01:27:04,2992,3001,2991,2988,21.1875
2025-10-08 01:29:15,2993,3001,2992,2984,21
2025-10-08 01:31:25,2989,2995,2985,2989,21.25
2025-10-08 01:33:36,2982,2994,3001,2985,20.9375
2025-10-08 01:35:46,2987,2991,2996,2987,20.875
2025-10-08 01:37:56,2988,2988,2986,2987,20.9375
2025-10-08 01:40:06,2985,2998,2990,2989,20.9375
2025-10-08 01:42:17,2981,3002,2990,2986,20.9375
2025-10-08 01:44:26,2977,2999,2990,2990,20.9375
2025-10-08 01:46:37,2986,2997,2996,2987,21
2025-10-08 01:48:48,2971,2990,2989,2994,21
2025-10-08 01:50:58,2985,2992,2997,2991,20.9375
2025-10-08 01:53:08,2986,2990,2991,2987,21.25
2025-10-08 01:55:19,2981,2999,2994,2992,20.9375
2025-10-08 01:57:28,2979,2997,2996,2992,20.9375
2025-10-08 01:59:39,2986,2998,2995,2982,20.9375
2025-10-08 02:01:50,2977,2999,2997,2991,21
2025-10-08 02:03:59,2980,3004,2988,2982,21
2025-10-08 02:06:09,2977,2993,2990,2984,21.0625
2025-10-08 02:08:19,2986,3000,2999,2982,20.9375
2025-10-08 02:10:30,2973,2998,2987,2988,21.125
2025-10-08 02:12:41,2975,3000,2986,2992,21
2025-10-08 02:14:51,2975,2990,2990,2986,21.125
2025-10-08 02:17:02,2975,2999,2995,2986,20.9375
2025-10-08 02:19:12,2968,3001,2986,2984,20.9375
2025-10-08 02:21:22,2977,2999,2992,2984,21.25
2025-10-08 02:23:32,2971,2993,2990,2990,20.9375
2025-10-08 02:25:42,2973,2990,2997,2990,20.9375
2025-10-08 02:27:52,2970,2993,2994,2990,20.9375
2025-10-08 02:30:02,2981,2991,2994,2992,20.875
2025-10-08 02:32:13,2979,2990,2997,2988,21
2025-10-08 02:34:23,2981,2989,2988,2986,20.875
2025-10-08 02:36:33,2978,2997,2990,2988,20.875
2025-10-08 02:38:43,2970,2989,2991,2987,20.8125
2025-10-08 02:40:53,2977,2998,2992,2985,20.8125
2025-10-08 02:43:03,2978,3000,2994,2990,20.8125
2025-10-08 02:45:14,2986,2997,2993,2985,20.8125
2025-10-08 02:47:24,2970,2991,3002,2988,20.8125
2025-10-08 02:49:34,2975,2994,2989,2996,20.8125
2025-10-08 02:51:44,2972,2993,2987,2988,20.8125
2025-10-08 02:53:56,2967,3000,2986,2995,20.8125
2025-10-08 02:56:05,2982,2987,2993,2984,20.8125
2025-10-08 02:58:15,2973,3000,2984,2987,20.8125
2025-10-08 03:00:26,2976,2989,2997,2987,20.8125
2025-10-08 03:02:37,2981,2987,2989,2985,20.75
2025-10-08 03:04:47,2966,2989,2989,2997,20.8125
2025-10-08 03:06:57,2973,2993,2993,2987,20.8125
2025-10-08 03:09:07,2966,2996,2991,2989,20.8125
2025-10-08 03:11:18,2974,2991,2990,2987,20.8125
2025-10-08 03:13:28,2978,3000,2988,2987,20.8125
2025-10-08 03:15:38,2972,2995,2994,2984,20.8125
2025-10-08 03:17:48,2975,2996,2989,2993,20.9375
2025-10-08 03:19:58,2978,2988,2987,2991,20.8125
2025-10-08 03:22:09,2973,2992,2987,2988,21.0625
2025-10-08 03:24:19,2977,2996,2989,2981,20.875
2025-10-08 03:26:29,2963,2995,2995,2985,20.8125
2025-10-08 03:28:39,2978,2993,2991,2992,20.75
2025-10-08 03:30:49,2979,2979,2994,2984,20.8125
2025-10-08 03:33:00,2967,2996,2994,2983,20.8125
2025-10-08 03:35:10,2969,2989,2994,2985,20.6875
2025-10-08 03:37:20,2973,2989,2990,2990,20.875
2025-10-08 03:39:30,2968,2992,2997,2988,20.6875
2025-10-08 03:41:41,2969,2994,2992,2984,20.6875
2025-10-08 03:43:51,2969,2993,2991,2987,20.6875
2025-10-08 03:46:02,2964,2992,2987,2990,20.6875
2025-10-08 03:48:12,2965,2981,2993,2993,20.6875
2025-10-08 03:50:22,2965,2995,2994,2981,20.625
2025-10-08 03:52:32,2968,2991,2987,2983,20.625
2025-10-08 03:54:42,2972,2992,2987,2980,20.625
2025-10-08 03:56:52,2967,2992,2992,2991,20.6875
2025-10-08 03:59:02,2966,2981,2993,2985,20.625
2025-10-08 04:01:13,2971,2987,2990,2992,20.8125
2025-10-08 04:03:23,2963,2995,2999,2998,20.75
2025-10-08 04:05:33,2958,2982,2988,2994,20.625
2025-10-08 04:07:43,2966,2997,2995,2989,20.6875
2025-10-08 04:09:54,2961,2991,2995,2989,20.625
2025-10-08 04:12:04,2959,2992,2995,2985,20.5625
2025-10-08 04:14:14,2973,2997,2992,2996,20.5625
2025-10-08 04:16:24,2966,2994,2997,2993,20.5625
2025-10-08 04:18:34,2977,2997,2991,2983,20.625
2025-10-08 04:20:45,2958,2992,2993,2986,20.625
2025-10-08 04:22:54,2970,2986,2995,2988,20.625
2025-10-08 04:25:05,2964,2992,2993,2992,20.5625
2025-10-08 04:29:25,2959,2993,2989,3003,20.5625
2025-10-08 04:31:36,2970,2993,3001,2991,20.5625
2025-10-08 04:33:46,2970,2994,2989,2990,20.5625
2025-10-08 04:35:56,2967,2997,2987,2980,20.625
2025-10-08 04:38:06,2965,2997,2996,2984,20.5
2025-10-08 04:40:16,2959,2988,2991,2988,20.5
2025-10-08 04:42:27,2962,2991,3001,2989,20.5
2025-10-08 04:44:37,2967,2993,2984,2983,20.5
2025-10-08 04:46:47,2963,2992,2998,2984,20.4375
2025-10-08 04:48:58,2957,2987,2985,2989,20.4375
2025-10-08 04:51:07,2964,2995,2993,2988,20.5
2025-10-08 04:53:17,2965,2996,2993,2990,20.5
2025-10-08 04:55:28,2960,2993,2987,2990,20.5
2025-10-08 04:57:38,2963,2994,2993,2985,20.5625
2025-10-08 04:59:49,2962,2992,2996,2988,20.4375
2025-10-08 05:01:59,2963,2986,2985,2988,20.5
2025-10-08 05:04:09,2960,2992,2996,2989,20.4375
2025-10-08 05:06:20,2960,3000,2989,2982,20.4375
2025-10-08 05:08:30,2970,2991,2988,2993,20.4375
2025-10-08 05:10:41,2954,2986,2992,2987,20.4375
2025-10-08 05:12:50,2962,2989,2992,2996,20.4375
2025-10-08 05:15:01,2964,2995,2992,2995,20.4375
2025-10-08 05:17:11,2963,2998,2993,2989,20.4375
2025-10-08 05:19:21,2967,2993,2986,2983,20.4375
2025-10-08 05:21:31,2963,2997,3000,2995,20.4375
2025-10-08 05:23:42,2964,2991,2993,2987,20.4375
2025-10-08 05:25:51,2957,2997,2989,2989,20.4375
2025-10-08 05:28:02,2957,2990,2994,2992,20.5
2025-10-08 05:30:11,2967,2996,3000,2999,20.4375
2025-10-08 05:32:22,2958,2994,2988,2984,20.4375
2025-10-08 05:34:32,2964,2991,2997,2998,20.4375
2025-10-08 05:36:43,2971,2995,2995,2982,20.4375
2025-10-08 05:38:52,2956,2994,2987,2993,20.4375
2025-10-08 05:41:02,2956,2997,2994,2991,20.4375
2025-10-08 05:43:13,2954,2997,2990,2986,20.4375
2025-10-08 05:45:23,2960,2982,2990,2989,20.4375
2025-10-08 05:47:34,2953,2991,2992,2991,20.4375
2025-10-08 05:49:45,2949,2993,2992,2988,20.375
2025-10-08 05:51:53,2957,2993,3002,2981,20.375
2025-10-08 05:54:03,2949,2993,2991,2993,20.375
2025-10-08 05:56:14,2961,2988,2992,2985,20.375
2025-10-08 05:58:25,2946,2996,2990,2993,20.3125
2025-10-08 06:00:33,2953,2990,2996,2989,20.375
2025-10-08 06:02:46,2950,2996,2987,2992,20.3125
2025-10-08 06:04:54,2956,2995,2992,2995,20.375
2025-10-08 06:07:05,2957,2983,2993,2991,20.375
2025-10-08 06:09:15,2958,2993,2991,2993,20.375
2025-10-08 06:11:25,2964,2994,2996,2996,20.375
2025-10-08 06:13:35,2960,2991,3000,2993,20.375
2025-10-08 06:15:46,2956,2993,2991,2996,20.3125
2025-10-08 06:17:57,2967,2990,2986,2989,20.3125
2025-10-08 06:20:06,2955,2988,2990,2977,20.375
2025-10-08 06:22:17,2954,2988,2996,3004,20.375
2025-10-08 06:24:27,2960,2993,2996,2993,20.3125
2025-10-08 06:26:37,2958,2995,2987,2989,20.25
2025-10-08 06:28:48,2952,2993,3000,2985,20.3125
2025-10-08 06:30:57,2951,2999,2990,2993,20.3125
2025-10-08 06:33:08,2961,2987,2995,2992,20.3125
2025-10-08 06:35:19,2949,2988,2996,2995,20.3125
2025-10-08 06:37:28,2958,2990,2991,2990,20.3125
2025-10-08 06:39:38,2959,2999,2990,2994,20.3125
2025-10-08 06:41:48,2962,2993,2999,2988,20.25
2025-10-08 06:43:58,2951,2998,2997,2995,20.3125
2025-10-08 06:46:08,2958,2999,2997,2993,20.3125
2025-10-08 06:48:19,2957,2993,2992,2998,20.25
2025-10-08 06:50:29,2952,2991,2990,2993,20.25
2025-10-08 06:52:39,2944,3001,2987,2986,20.25
2025-10-08 06:54:49,2950,2986,2999,2992,20.25
2025-10-08 06:56:59,2955,2996,2995,2987,20.25
2025-10-08 06:59:09,2961,2995,2984,2988,20.25
2025-10-08 07:01:20,2953,2989,2989,2993,20.25
2025-10-08 07:03:29,2953,2991,2986,2992,20.25
2025-10-08 07:05:39,2953,2999,2996,3000,20.25
2025-10-08 07:07:50,2960,2990,2986,2993,20.25
2025-10-08 07:10:00,2957,2991,2990,2992,20.25
2025-10-08 07:12:10,2954,2994,2988,2993,20.25
2025-10-08 07:14:20,2953,2991,2998,2991,20.25
2025-10-08 07:16:31,2969,2996,2991,2994,20.1875
2025-10-08 07:18:41,2951,2994,2998,2990,20.125
2025-10-08 07:20:51,2956,2993,2999,2993,19.8125
2025-10-08 07:23:01,2962,2999,2997,3000,19.375
2025-10-08 07:25:11,2966,2998,3000,3006,19.25
2025-10-08 07:27:21,2962,3002,3009,3001,19
2025-10-08 07:29:31,2965,3008,3007,2998,18.9375
2025-10-08 07:31:42,2961,3002,3008,3008,19
2025-10-08 07:33:51,2956,2997,3007,3003,18.9375
2025-10-08 07:36:02,2961,3000,2999,3002,19.125
2025-10-08 07:38:11,2963,3005,2993,3000,18.875
2025-10-08 07:40:21,2969,3005,3006,3007,18.75
2025-10-08 07:42:31,2971,3007,3006,2999,18.75
2025-10-08 07:44:42,2966,3009,3005,3004,18.75
2025-10-08 07:46:51,2965,2998,3006,3002,18.75
2025-10-08 07:49:01,2974,3006,3003,3004,18.6875
2025-10-08 07:51:11,2965,3011,3005,3004,18.75
2025-10-08 07:53:21,2965,3004,3011,3004,18.8125
2025-10-08 07:55:31,2968,3006,3003,3001,18.875
2025-10-08 07:57:42,2965,2996,3006,3004,18.875
2025-10-08 07:59:52,2970,3009,3005,3003,18.75
2025-10-08 08:02:01,2964,3003,3011,3010,18.6875
2025-10-08 08:04:11,2970,3005,3007,3004,18.625
2025-10-08 08:06:21,2960,3012,3004,3004,18.6875
2025-10-08 08:08:31,2968,3005,3007,3011,18.75
2025-10-08 08:10:42,2976,3003,3002,3009,18.625
2025-10-08 08:12:51,2980,3004,3010,3009,18.6875
2025-10-08 08:15:01,2969,3008,3016,3001,18.75
2025-10-08 08:17:12,2964,3009,3005,2999,18.8125
2025-10-08 08:19:21,2973,3005,3003,3011,18.8125
2025-10-08 08:21:31,2972,3007,2996,3005,18.75
2025-10-08 08:23:41,2980,3008,3010,3000,18.8125
2025-10-08 08:25:51,2975,3009,3003,3007,18.875
2025-10-08 08:28:02,2959,3008,3008,3006,18.9375
2025-10-08 08:30:11,2976,3010,3008,3004,18.9375
2025-10-08 08:32:22,2974,3008,3001,3012,18.875
2025-10-08 08:34:32,2970,3012,3006,3006,18.8125
2025-10-08 08:36:41,2981,3008,3009,2999,18.875
2025-10-08 08:38:51,2982,3009,2997,3005,18.875
2025-10-08 08:41:01,2993,3011,3007,3009,18.75
2025-10-08 08:43:11,3002,3016,3005,3011,18.6875
2025-10-08 08:45:21,2990,3015,3005,3010,18.75
2025-10-08 08:47:31,2998,3009,3004,3006,18.75
2025-10-08 08:49:42,2983,3008,3000,3007,18.6875
2025-10-08 08:51:51,2991,3014,3010,3004,18.8125
2025-10-08 08:54:01,2987,3009,3001,3006,18.9375
2025-10-08 08:56:11,2998,3015,3007,3000,19
2025-10-08 08:58:21,2992,3000,3013,3005,19
2025-10-08 09:00:31,2991,3013,3015,3003,19
2025-10-08 09:02:41,2985,3009,3001,3004,19.0625
2025-10-08 09:04:51,2986,3003,3004,3006,19.125
2025-10-08 09:07:01,2978,3011,2997,3004,19.125
2025-10-08 09:09:11,2978,3004,3011,3000,19.1875
2025-10-08 09:11:21,2971,3005,2997,2992,19.1875
2025-10-08 09:13:32,2963,3004,3001,3004,19.375
2025-10-08 09:15:42,2958,2997,3007,3006,19.25
2025-10-08 09:17:52,2957,3003,2999,2995,19.375
2025-10-08 09:20:01,2969,3003,3010,2999,19.3125
2025-10-08 09:22:12,2954,3005,2993,3000,19.3125
2025-10-08 09:24:23,2962,3003,3000,3002,19.5
2025-10-08 09:26:32,2967,3004,2996,2998,19.5625
2025-10-08 09:28:42,2963,2998,3000,2993,19.6875
2025-10-08 09:30:52,2957,3002,3000,2993,19.6875
2025-10-08 09:33:02,2958,3003,2992,3006,19.6875
2025-10-08 09:35:13,2967,2997,2992,2989,19.6875
2025-10-08 09:37:22,2970,3006,2995,2998,19.75
2025-10-08 09:39:33,2970,2997,2991,2999,20
2025-10-08 09:41:44,2949,2993,3001,2994,20
2025-10-08 09:43:53,2970,3006,3009,3002,19.875
2025-10-08 09:46:04,2973,2997,3000,2997,19.75
2025-10-08 09:48:14,2964,2995,2993,3004,19.625
2025-10-08 09:50:25,2968,2994,2996,2999,19.625
2025-10-08 09:52:34,2972,2994,2992,3003,19.6875
2025-10-08 09:54:44,2973,3003,2993,3003,19.6875
2025-10-08 09:56:56,2954,3001,2997,2994,19.6875
2025-10-08 09:59:03,2973,2998,3000,2999,19.625
2025-10-08 10:01:15,2955,3002,3001,2995,19.625
2025-10-08 10:03:24,2976,3004,2990,2994,19.5625
2025-10-08 10:03:42,2955,2989,2992,2985,19.5625
2025-10-08 10:05:34,2968,3003,3002,2996,19.5625
2025-10-08 10:07:45,2968,3005,2997,3005,19.6875
2025-10-08 10:09:58,2965,3006,3010,3003,19.6875
2025-10-08 10:12:06,2967,3001,2998,3001,19.625
2025-10-08 10:14:16,2960,3006,2997,2994,19.625
2025-10-08 10:16:24,2962,3007,2996,2999,19.625
2025-10-08 10:18:35,2967,2999,3000,2998,19.625
2025-10-08 10:20:47,2953,2995,3002,2995,19.625
2025-10-08 10:22:56,2958,2993,3004,2989,19.75
2025-10-08 10:25:05,2962,2999,2993,2995,19.8125
2025-10-08 10:27:16,2957,3002,2994,3003,19.8125
2025-10-08 10:29:25,2957,2998,2996,3003,20
2025-10-08 10:31:35,2957,2994,3001,2989,19.875
2025-10-08 10:33:46,2950,2999,3002,2999,19.9375
2025-10-08 10:35:55,2970,2995,2996,2990,19.9375
2025-10-08 10:38:05,2968,3001,2998,2996,20
2025-10-08 10:40:15,2955,2987,2992,2992,20
2025-10-08 10:42:26,2962,2997,2997,2996,19.9375
2025-10-08 10:44:36,2960,2993,2999,3003,20.0625
2025-10-08 10:46:47,2965,3002,2996,2995,20.3125
2025-10-08 10:48:56,2950,3001,2998,2988,20.125
2025-10-08 10:51:06,2961,2997,2994,2984,20.125
2025-10-08 10:53:16,2963,3002,3002,2984,20.1875
2025-10-08 10:55:26,2951,2994,3001,2989,20.25
2025-10-08 10:57:37,2957,2998,2997,2986,20.25
2025-10-08 10:59:48,2966,2992,3000,2997,20.3125
2025-10-08 11:01:57,2953,3000,2992,2992,20.25
2025-10-08 11:04:08,2958,2997,3002,2994,20.3125
2025-10-08 11:06:19,2962,2984,2986,2993,20.3125
2025-10-08 11:08:32,2951,2996,2991,2993,20.3125
2025-10-08 11:10:41,2953,2993,2995,2988,20.3125
2025-10-08 11:12:52,2957,2992,2994,2989,20.375
2025-10-08 11:15:02,2953,2987,2992,2990,20.3125
2025-10-08 11:17:13,2958,2988,2990,2992,20.3125
2025-10-08 11:19:27,2947,2992,2991,2982,20.375
2025-10-08 11:21:34,2958,2998,2996,2989,20.375
2025-10-08 11:23:45,2946,2996,2997,2989,20.4375
2025-10-08 11:25:56,2956,2998,2986,2987,20.5
2025-10-08 11:28:06,2946,2988,2995,2984,20.5625
2025-10-08 11:30:16,2961,2987,2991,2987,20.625
2025-10-08 11:32:27,2954,2988,2990,2994,20.625
2025-10-08 11:34:37,2951,2992,2992,2990,20.6875
2025-10-08 11:36:49,2961,2986,2984,2988,20.6875
2025-10-08 11:38:59,2957,2996,2999,2990,20.75
2025-10-08 11:41:07,2958,2997,2984,2983,20.75
2025-10-08 11:43:19,2950,2990,2985,2990,20.8125
2025-10-08 11:45:29,2961,2992,2993,2987,20.8125
2025-10-08 11:47:38,2965,2986,2986,2995,20.875
2025-10-08 11:49:48,2961,2992,2993,2988,20.9375
2025-10-08 11:51:59,2959,2994,2991,2991,20.9375
2025-10-08 11:54:10,2963,2987,2993,2982,20.9375
2025-10-08 11:56:18,2965,2981,2991,2985,20.9375
2025-10-08 11:58:28,2968,2996,2995,2988,21
2025-10-08 12:00:39,2958,2988,2985,2978,21.0625
2025-10-08 12:02:48,2960,2993,2978,2986,21.125
2025-10-08 12:04:58,2954,2989,2995,2986,21.125
2025-10-08 12:07:07,2958,2992,2995,2990,21.1875
2025-10-08 12:09:29,2938,2978,2972,2969,21.1875
2025-10-08 12:11:27,2952,2988,2993,2990,21.25
2025-10-08 12:13:36,2963,2982,2982,2986,21.25
2025-10-08 12:15:45,2953,2983,2988,2985,21.25
2025-10-08 12:17:55,2962,2987,2987,2975,21.3125
2025-10-08 12:20:04,2962,2986,2978,2976,21.375
2025-10-08 12:22:14,2949,2984,2987,2972,21.4375
2025-10-08 12:24:24,2968,2990,2981,2986,21.4375
2025-10-08 12:26:33,2957,2988,2982,2976,21.4375
2025-10-08 12:28:43,2959,2983,2986,2984,21.4375
2025-10-08 12:30:51,2960,2983,2978,2973,21.4375
2025-10-08 12:33:00,2962,2978,2990,2979,21.5625
2025-10-08 12:35:10,2955,2986,2984,2974,21.5625
2025-10-08 12:37:19,2964,2984,2982,2972,21.5625
2025-10-08 12:39:29,2958,2976,2976,2983,21.6875
2025-10-08 12:41:39,2956,2983,2982,2983,21.5625
2025-10-08 12:43:48,2951,2978,2986,2975,21.5
2025-10-08 12:45:58,2951,2972,2981,2974,21.5625
2025-10-08 12:48:08,2947,2978,2975,2981,21.625
2025-10-08 12:50:17,2941,2979,2979,2976,21.5625
2025-10-08 12:52:28,2949,2982,2982,2978,21.5625
2025-10-08 12:54:36,2962,2977,2976,2973,21.5625
2025-10-08 12:56:47,2956,2979,2977,2975,21.625
2025-10-08 12:58:56,2937,2983,2979,2983,21.6875
2025-10-08 13:01:05,2951,2984,2973,2975,21.75
2025-10-08 13:03:15,2938,2978,2977,2972,21.8125
2025-10-08 13:05:24,2940,2977,2977,2965,21.875
2025-10-08 13:07:34,2953,2979,2976,2969,21.875
2025-10-08 13:09:43,2944,2985,2973,2975,21.875
2025-10-08 13:11:53,2948,2972,2983,2976,21.9375
2025-10-08 13:14:03,2946,2975,2974,2963,21.9375
2025-10-08 13:16:12,2936,2981,2971,2981,21.9375
2025-10-08 13:18:22,2949,2968,2974,2969,21.9375
2025-10-08 13:20:32,2938,2977,2982,2970,21.9375
2025-10-08 13:22:42,2937,2971,2978,2971,21.875
2025-10-08 13:24:52,2941,2982,2975,2969,21.9375
2025-10-08 13:27:01,2940,2984,2975,2976,22.0625
2025-10-08 13:29:10,2946,2970,2969,2970,21.9375
2025-10-08 13:31:20,2945,2973,2975,2966,21.9375
2025-10-08 13:33:30,2944,2984,2981,2973,22
2025-10-08 13:35:40,2946,2970,2978,2974,21.9375
2025-10-08 13:37:50,2946,2978,2973,2966,21.9375
2025-10-08 13:40:04,2949,2974,2977,2968,22
2025-10-08 13:40:19,2922,2974,2960,2963,22.0625
2025-10-08 13:42:13,2941,2983,2978,2972,22
2025-10-08 13:44:41,2931,2966,2957,2957,21.8125
2025-10-08 13:45:20,2932,2969,2956,2956,21.8125
2025-10-08 13:46:36,2932,2981,2976,2969,21.9375
2025-10-08 13:46:53,2949,2988,2972,2973,21.875
2025-10-08 13:48:37,2941,2982,2982,2964,21.75
2025-10-08 13:50:47,2949,2978,2977,2960,21.8125
2025-10-08 13:52:57,2937,2979,2969,2972,21.875
2025-10-08 13:55:06,2951,2983,2972,2966,21.9375
2025-10-08 13:57:17,2942,2985,2982,2971,21.9375
2025-10-08 13:59:25,2950,2972,2968,2971,21.9375
2025-10-08 14:01:37,2933,2973,2977,2962,22.125
2025-10-08 14:03:45,2945,2965,2976,2968,22.125
2025-10-08 14:05:55,2945,2964,2978,2966,22.125
2025-10-08 14:08:05,2927,2971,2975,2964,22.125
2025-10-08 14:10:14,2950,2978,2977,2964,22.125
2025-10-08 14:12:23,2943,2968,2979,2954,22.1875
2025-10-08 14:14:35,2935,2971,2969,2958,22.1875
2025-10-08 14:16:44,2945,2972,2971,2973,22.3125
2025-10-08 14:18:54,2948,2966,2972,2969,22.3125
2025-10-08 14:21:03,2955,2977,2960,2964,22.375
2025-10-08 14:23:13,2948,2966,2963,2969,22.5
2025-10-08 14:25:23,2942,2977,2968,2957,22.4375
2025-10-08 14:27:33,2942,2972,2973,2963,22.5
2025-10-08 14:29:43,2950,2977,2975,2964,22.5
2025-10-08 14:31:58,2936,2977,2966,2952,22.625
2025-10-08 14:34:03,2952,2973,2969,2963,22.5625
2025-10-08 14:36:13,2952,2971,2969,2956,22.625
2025-10-08 14:38:22,2941,2972,2970,2961,22.625
2025-10-08 14:40:31,2945,2976,2967,2951,22.875
2025-10-08 14:42:42,2955,2971,2968,2961,22.6875
2025-10-08 14:44:52,2944,2967,2968,2961,22.75
2025-10-08 14:47:02,2947,2976,2971,2970,22.75
2025-10-08 14:49:12,2946,2964,2963,2952,22.75
2025-10-08 14:51:23,2947,2969,2973,2957,22.75
2025-10-08 14:53:32,2949,2964,2973,2969,22.6875
2025-10-08 14:55:42,2951,2971,2969,2958,22.8125
2025-10-08 14:57:52,2956,2980,2955,2957,22.875
2025-10-08 15:00:03,2947,2967,2971,2960,22.875
2025-10-08 15:02:12,2932,2971,2965,2957,22.9375
2025-10-08 15:04:21,2943,2959,2964,2952,22.9375
2025-10-08 15:06:34,2930,2968,2967,2954,22.875
2025-10-08 15:08:42,2934,2970,2966,2953,22.9375
2025-10-08 15:10:51,2941,2961,2961,2958,22.875
2025-10-08 15:13:00,2931,2962,2960,2952,22.9375
2025-10-08 15:15:10,2939,2972,2962,2967,22.875
2025-10-08 15:17:20,2940,2966,2965,2952,22.875
2025-10-08 15:19:31,2928,2968,2960,2958,22.9375
2025-10-08 15:21:41,2941,2974,2960,2957,22.875
2025-10-08 15:23:50,2937,2971,2970,2963,22.8125
2025-10-08 15:26:03,2946,2964,2964,2959,22.8125
2025-10-08 15:28:10,2935,2964,2973,2967,22.75
2025-10-08 15:30:20,2952,2981,2961,2953,22.75
2025-10-08 15:32:30,2949,2971,2967,2961,22.6875
2025-10-08 15:34:39,2951,2974,2967,2959,22.625
2025-10-08 15:36:49,2956,2968,2967,2961,22.75
2025-10-08 15:38:59,2956,2975,2967,2961,22.6875
2025-10-08 15:41:10,2957,2973,2967,2962,22.75
2025-10-08 15:43:19,2963,2976,2975,2967,22.6875
2025-10-08 15:45:30,2949,2971,2975,2962,22.6875
2025-10-08 15:47:40,2949,2974,2974,2966,22.6875
2025-10-08 15:50:12,2920,2960,2960,2961,22.6875
2025-10-08 15:52:00,2952,2980,2977,2949,22.625
2025-10-08 15:54:08,2958,2975,2970,2963,22.5625
2025-10-08 15:56:18,2946,2975,2967,2966,22.5625
2025-10-08 15:58:27,2964,2978,2969,2962,22.5
2025-10-08 16:00:37,2968,2966,2974,2969,22.5625
2025-10-08 16:02:47,2966,2976,2974,2963,22.5
2025-10-08 16:04:56,2970,2984,2966,2964,22.5625
2025-10-08 16:07:06,2966,2976,2979,2969,22.5625
2025-10-08 16:09:16,2961,2981,2976,2967,22.5
2025-10-08 16:11:26,2968,2970,2979,2971,22.5
2025-10-08 16:13:36,2960,2974,2972,2969,22.5
2025-10-08 16:15:45,2979,2979,2970,2969,22.5625
2025-10-08 16:17:55,2973,2977,2973,2970,22.5625
2025-10-08 16:20:07,2970,2978,2973,2963,22.5625
2025-10-08 16:22:14,2975,2978,2980,2975,22.5
2025-10-08 16:24:48,3021,2982,2978,2962,22.5625
2025-10-08 16:26:59,3002,2981,2978,2958,22.5
2025-10-08 16:27:19,2999,2970,2968,2961,22.5
2025-10-08 16:29:29,2995,2967,2972,2963,22.5625
2025-10-08 16:31:39,2975,2973,2964,2953,22.5625
2025-10-08 16:33:51,2990,2979,2964,2958,22.5
2025-10-08 16:35:58,3008,2977,2970,2968,22.5625
2025-10-08 16:38:08,3013,2976,2970,2954,22.625
2025-10-08 16:40:19,3000,2980,2978,2967,22.6875
2025-10-08 16:42:28,3005,2983,2973,2961,22.75
2025-10-08 16:44:37,3009,2977,2960,2962,22.6875
2025-10-08 16:46:47,3016,2984,2969,2968,22.625
2025-10-08 16:48:57,3015,2976,2978,2967,22.5625
2025-10-08 16:51:06,3021,2979,2974,2958,22.5
2025-10-08 16:52:10,3013,2979,2974,2963,22.4375
2025-10-08 17:25:43,3017,2977,2969,2962,22.375
2025-10-08 17:27:53,2995,2971,2963,2955,22.3125
2025-10-08 17:48:53,2979,2962,2957,2944,22.25
2025-10-08 17:51:03,2987,2952,2955,2950,22.1875
2025-10-08 17:51:31,2960,2956,2950,2960,22.3125
2025-10-08 17:54:00,2498,2408,33,2470,22.125
2025-10-08 18:08:52,2585,13541,31,2465,22.25
2025-10-08 18:11:01,2610,13535,34,2458,22.1875
2025-10-08 18:13:10,2617,13605,30,2477,22.1875
2025-10-08 18:15:21,2637,13557,35,2477,22.25
2025-10-08 18:17:37,2621,13545,32,2472,22.1875
