timestamp,ADC0,ADC1,ADC2,ADC3,Temp C,TDS ppm,Current_mA,GPRS,Network,Signal,Battery,Reg Status,Location,Operator,Modem,Time
2025-10-19 20:12:12,2,13411,2544,2503,22.5625,0.844524,70.60798,False,True,-78 dBm,4065 mV - not Charging,Registered home,,D1,ATI  SIM800 R14.18,"04/01/01,00:00:30+32"
2025-10-19 20:20:23,8,13412,2547,2509,22.5625,0.844524,74.66238,False,True,-78 dBm,4054 mV - not Charging,Registered home,,D1,ATI  SIM800 R14.18,"04/01/01,00:00:13+32"
2025-10-19 20:21:18,7,13407,2546,2500,22.5625,0.928925,64.52767,False,True,-76 dBm,4049 mV - not Charging,Registered home,,D1,ATI  SIM800 R14.18,"04/01/01,00:00:11+32"
2025-10-19 20:25:34,17,13466,2519,2472,22.5625,4.633256,150.6754,False,True,-74 dBm,4016 mV - not Charging,Registered home,,D1,ATI  SIM800 R14.18,"04/01/01,00:00:11+32"
2025-10-19 20:26:30,20,13476,2507,2476,22.5625,2.025275,147.6352,False,True,-74 dBm,3988 mV - not Charging,Registered home,,D1,ATI  SIM800 R14.18,"04/01/01,00:00:11+32"
2025-10-19 20:27:07,12,13478,2494,2505,22.5625,1.266433,148.6482,False,True,-70 dBm,4038 mV - not Charging,Registered home,,D1,SIM800 R14.18,"04/01/01,00:00:52+32"
2025-10-19 20:30:07,26,13617,2513,2487,22.625,8.058214,282.4319,False,True,-78 dBm,4032 mV - not Charging,Registered home,,D1,ATI  SIM800 R14.18,"04/01/01,00:00:11+32"
2025-10-19 20:36:41,21,13614,2488,2497,22.6875,2.943979,287.5006,False,True,-76 dBm,4049 mV - not Charging,Registered home,,D1,ATI  SIM800 R14.18,"04/01/01,00:05:09+32"
2025-10-19 20:40:39,20,13611,2529,2483,22.6875,1.851842,279.3918,False,True,-76 dBm,4153 mV - not Charging,Registered home,,D1,SIM800 R14.18,"04/01/01,00:06:53+32"
2025-10-19 20:42:08,17,13612,2526,2496,22.6875,1.515482,282.4319,False,True,-78 dBm,4147 mV - not Charging,Registered home,,D1,ATI  SIM800 R14.18,"04/01/01,00:00:11+32"
2025-10-19 20:52:37,15,13615,2550,2497,22.625,3.704004,279.3918,False,True,-76 dBm,4164 mV - not Charging,Registered home,,D1,ATI  SIM800 R14.18,"04/01/01,00:00:12+32"
2025-10-19 21:03:04,18,13604,2517,2507,22.625,50.616,289.5278,False,True,-76 dBm,4158 mV - not Charging,Registered home,,D1,ATI  SIM800 R14.18,"04/01/01,00:00:11+32"
2025-10-19 21:13:32,14,13619,2534,2496,22.625,1.517471,293.5809,False,True,-74 dBm,4147 mV - not Charging,Registered home,,D1,ATI  SIM800 R14.18,"04/01/01,00:00:12+32"
2025-10-19 21:16:21,75,13602,2528,2521,22.6875,12.86869,286.4863,False,True,-70 dBm,4125 mV - not Charging,Registered home,,D1,ATI  SIM800 R14.18,"04/01/01,00:00:11+32"
2025-10-19 21:17:48,18,13623,2530,2472,22.6875,1.935909,282.4319,False,True,-76 dBm,4010 mV - not Charging,Registered home,,D1,ATI  SIM800 R14.18,"04/01/01,00:00:11+32"
2025-10-19 21:18:24,21,13605,2515,2483,22.6875,1.935909,271.2842,False,True,-72 dBm,4065 mV - not Charging,Registered home,,D1,SIM800 R14.18,"04/01/01,00:00:52+32"
2025-10-19 21:28:19,20,13602,2529,2471,22.75,1.933375,283.4462,False,True,-70 dBm,4175 mV - not Charging,Registered home,,D1,ATI  SIM800 R14.18,"04/01/01,00:00:11+32"
2025-10-19 21:29:56,23,13603,2495,2490,22.8125,1.847001,280.406,False,True,-80 dBm,4180 mV - not Charging,Registered home,,D1,SIM800 R14.18,"04/01/01,00:01:55+32"
2025-10-19 21:38:44,24,13610,2504,2480,22.875,30.68296,283.4462,False,True,-74 dBm,4147 mV - not Charging,Registered home,,D1,ATI  SIM800 R14.18,"04/01/01,00:00:12+32"
2025-10-19 21:49:11,119,13618,2486,2505,22.875,21.59864,277.3646,False,True,-74 dBm,4180 mV - not Charging,Registered home,,D1,ATI  SIM800 R14.18,"04/01/01,00:00:11+32"
2025-10-19 21:59:38,21,13618,2520,2475,22.9375,1.758547,288.5135,False,True,-76 dBm,4191 mV - not Charging,Registered home,,D1,ATI  SIM800 R14.18,"04/01/01,00:00:12+32"
2025-10-19 22:10:05,21,13617,2536,2479,22.9375,1.842185,290.5407,False,True,-74 dBm,4191 mV - not Charging,Registered home,,D1,ATI  SIM800 R14.18,"04/01/01,00:00:11+32"
2025-10-19 22:20:34,16,13615,2515,2492,22.9375,29.75662,270.27,False,True,-76 dBm,3851 mV - not Charging,Registered home,,D1,ATI  SIM800 R14.18,"04/01/01,00:00:12+32"
2025-10-19 22:34:37,15,13609,2511,2487,23,1.756258,290.5407,False,True,-74 dBm,4147 mV - not Charging,Registered home,,D1,ATI  SIM800 R14.18,"04/01/01,00:00:27+32"
2025-10-19 22:41:28,26,13612,2525,2471,23.0625,2.421074,275.3374,False,True,-74 dBm,4191 mV - not Charging,Registered home,,D1,ATI  SIM800 R14.18,"04/01/01,00:00:12+32"
2025-10-19 22:54:18,18,13609,2513,2501,23.0625,1.670544,278.3788,False,True,-74 dBm,4142 mV - not Charging,Registered home,,D1,ATI  SIM800 R14.18,"04/01/01,00:00:12+32"
2025-10-19 23:02:23,15,13621,2518,2523,23.0625,19.80577,281.419,False,True,-74 dBm,4142 mV - not Charging,Registered home,,D1,ATI  SIM800 R14.18,"04/01/01,00:00:12+32"
2025-10-19 23:12:50,25,13613,2506,2520,23.0625,27.26306,282.4319,False,True,-66 dBm,4125 mV - not Charging,Registered home,,D1,ATI  SIM800 R14.18,"04/01/01,00:00:11+32"
2025-10-19 23:25:26,17,13620,2512,2522,23.125,25.211,288.5135,False,True,-70 dBm,4142 mV - not Charging,Registered home,,D1,ATI  SIM800 R14.18,"04/01/01,00:00:11+32"
2025-10-19 23:35:53,17,13622,2512,2503,23.125,1.835007,283.4462,False,True,-70 dBm,4136 mV - not Charging,Registered home,,D1,ATI  SIM800 R14.18,"04/01/01,00:00:12+32"
2025-10-19 23:48:47,19,13622,2516,2498,23.125,2.584395,288.5135,False,True,-72 dBm,3994 mV - not Charging,Registered home,,D1,ATI  SIM800 R14.18,"04/01/01,00:00:13+32"
2025-10-19 23:56:47,21,13619,2529,2459,23.1875,2.414794,286.4863,False,True,-70 dBm,4131 mV - not Charging,Registered home,,D1,ATI  SIM800 R14.18,"04/01/01,00:00:11+32"
2025-10-20 00:07:16,32,13615,2462,2487,23.1875,30.64419,284.4591,False,True,-74 dBm,4081 mV - not Charging,Registered home,,D1,ATI  SIM800 R14.18,"04/01/01,00:00:11+32"
2025-10-20 00:17:43,19,13601,2551,2485,23.1875,1.582989,289.5278,False,True,-74 dBm,4131 mV - not Charging,Registered home,,D1,ATI  SIM800 R14.18,"04/01/01,00:00:12+32"
2025-10-20 00:28:10,21,13616,2499,2526,23.1875,1.749424,296.6224,False,True,-74 dBm,4125 mV - not Charging,Registered home,,D1,ATI  SIM800 R14.18,"04/01/01,00:00:11+32"
2025-10-20 00:38:38,19,13625,2543,2500,23.1875,1.582989,283.4462,False,True,-70 dBm,4049 mV - not Charging,Registered home,,D1,ATI  SIM800 R14.18,"04/01/01,00:00:12+32"
2025-10-20 01:20:27,22,13622,2509,2494,23.1875,1.832627,285.4734,False,True,-78 dBm,4076 mV - not Charging,Registered home,,D1,ATI  SIM800 R14.18,"04/01/01,00:00:12+32"
2025-10-20 01:30:54,33,13616,2554,2534,21.625,14.0936,291.5537,False,True,-70 dBm,4049 mV - not Charging,Registered home,,D1,ATI  SIM800 R14.18,"04/01/01,00:00:11+32"
2025-10-20 01:41:32,6,13613,2565,2529,21.1875,0.782743,279.3918,False,True,-72 dBm,4131 mV - not Charging,Registered home,,D1,ATI  SIM800 R14.18,"04/01/01,00:00:17+32"
2025-10-20 01:42:09,2,13610,2553,2531,21.1875,0.782743,283.4462,False,True,-68 dBm,3988 mV - not Charging,Registered home,,D1,SIM800 R14.18,"04/01/01,00:01:02+32"
2025-10-20 01:51:52,6,13607,2561,2529,21.0625,0.697699,282.4319,False,True,-72 dBm,4125 mV - not Charging,Registered home,,D1,ATI  SIM800 R14.18,"04/01/01,00:00:13+32"
2025-10-20 02:02:18,7,13607,2560,2534,21,0.698647,284.4591,False,True,-70 dBm,4109 mV - not Charging,Registered home,,D1,ATI  SIM800 R14.18,"04/01/01,00:00:13+32"
2025-10-20 02:12:45,5,13618,2554,2538,20.9375,2.009658,295.6081,False,True,-70 dBm,4125 mV - not Charging,Registered home,,D1,ATI  SIM800 R14.18,"04/01/01,00:00:12+32"
2025-10-20 02:23:13,3,13616,2552,2525,20.9375,1.311232,287.5006,False,True,-72 dBm,4120 mV - not Charging,Registered home,,D1,ATI  SIM800 R14.18,"04/01/01,00:00:12+32"
2025-10-20 02:35:02,5,13614,2544,2531,20.875,1.225552,283.4462,False,True,-74 dBm,4114 mV - not Charging,Registered home,,D1,ATI  SIM800 R14.18,"04/01/01,00:00:13+32"
2025-10-20 02:44:06,6,13607,2558,2532,20.875,0.70055,281.419,False,True,-72 dBm,4120 mV - not Charging,Registered home,,D1,ATI  SIM800 R14.18,"04/01/01,00:00:12+32"
2025-10-20 02:54:34,2,13610,2560,2537,20.8125,0.78915,287.5006,False,True,-64 dBm,3961 mV - not Charging,Registered home,,D1,ATI  SIM800 R14.18,"04/01/01,00:00:11+32"
2025-10-20 03:05:02,4,13611,2569,2530,20.75,3.243647,294.5952,False,True,-70 dBm,4070 mV - not Charging,Registered home,,D1,ATI  SIM800 R14.18,"04/01/01,00:00:13+32"
2025-10-20 03:15:29,4,13615,2558,2535,20.6875,0.791309,287.5006,False,True,-74 dBm,4109 mV - not Charging,Registered home,,D1,ATI  SIM800 R14.18,"04/01/01,00:00:12+32"
2025-10-20 03:16:05,5,13612,2555,2533,20.6875,0.087963,286.4863,False,True,-70 dBm,4120 mV - not Charging,Registered home,,D1,SIM800 R14.18,"04/01/01,00:00:52+32"
2025-10-20 03:16:41,6,13616,2569,2535,20.6875,0.351791,289.5278,False,True,-70 dBm,4016 mV - not Charging,Registered home,,D1,SIM800 R14.18,"04/01/01,00:01:28+32"
2025-10-20 03:25:56,0,13625,2564,2526,20.6875,0.791309,291.5537,False,True,-70 dBm,4070 mV - not Charging,Registered home,,D1,ATI  SIM800 R14.18,"04/01/01,00:00:11+32"
2025-10-20 03:36:24,-2,13618,2562,2527,20.6875,0.791309,289.5278,False,True,-74 dBm,4016 mV - not Charging,Registered home,,D1,ATI  SIM800 R14.18,"04/01/01,00:00:12+32"
2025-10-20 03:46:52,2,13616,2556,2538,20.625,0.792393,294.5952,False,True,-68 dBm,4109 mV - not Charging,Registered home,,D1,ATI  SIM800 R14.18,"04/01/01,00:00:12+32"
2025-10-20 03:57:21,14,13617,2564,2544,20.625,2.462611,279.3918,False,True,-70 dBm,4114 mV - not Charging,Registered home,,D1,ATI  SIM800 R14.18,"04/01/01,00:00:12+32"
2025-10-20 04:07:46,32,13613,2561,2537,20.5625,5.537689,288.5135,False,True,-72 dBm,4087 mV - not Charging,Registered home,,D1,ATI  SIM800 R14.18,"04/01/01,00:00:11+32"
2025-10-20 04:18:14,7,13613,2564,2541,20.5625,0.881595,280.406,False,True,-74 dBm,3933 mV - not Charging,Registered home,,D1,ATI  SIM800 R14.18,"04/01/01,00:00:11+32"
2025-10-20 04:28:42,9,13628,2563,2531,20.5,20.83516,290.5407,False,True,-70 dBm,4032 mV - not Charging,Registered home,,D1,ATI  SIM800 R14.18,"04/01/01,00:00:12+32"
2025-10-20 04:39:09,6,13611,2559,2538,20.4375,1.060706,286.4863,False,True,-66 dBm,3977 mV - not Charging,Registered home,,D1,ATI  SIM800 R14.18,"04/01/01,00:00:12+32"
2025-10-20 04:50:34,7,13619,2563,2540,20.4375,5.728571,290.5407,False,True,-68 dBm,4114 mV - not Charging,Registered home,,D1,ATI  SIM800 R14.18,"04/01/01,00:00:12+32"
2025-10-20 05:00:04,6,13615,2567,2539,20.4375,0.795663,296.6224,False,True,-68 dBm,4027 mV - not Charging,Registered home,,D1,ATI  SIM800 R14.18,"04/01/01,00:00:12+32"
2025-10-20 05:10:31,6,13613,2566,2541,20.375,0.885238,293.5809,False,True,-70 dBm,4103 mV - not Charging,Registered home,,D1,ATI  SIM800 R14.18,"04/01/01,00:00:11+32"
2025-10-20 05:21:00,5,13609,2568,2539,20.375,6.088125,297.6353,False,True,-68 dBm,4109 mV - not Charging,Registered home,,D1,ATI  SIM800 R14.18,"04/01/01,00:00:12+32"
2025-10-20 05:31:27,6,13621,2565,2542,20.375,4.768585,292.5679,False,True,-70 dBm,4027 mV - not Charging,Registered home,,D1,ATI  SIM800 R14.18,"04/01/01,00:00:12+32"
2025-10-20 05:41:53,8,13617,2568,2543,20.3125,1.41786,289.5278,False,True,-68 dBm,4103 mV - not Charging,Registered home,,D1,ATI  SIM800 R14.18,"04/01/01,00:00:11+32"
2025-10-20 05:52:21,4,13618,2562,2547,20.25,0.710226,295.6081,False,True,-68 dBm,4109 mV - not Charging,Registered home,,D1,ATI  SIM800 R14.18,"04/01/01,00:00:12+32"
2025-10-20 06:02:48,3,13617,2568,2546,20.25,0.79896,287.5006,False,True,-72 dBm,4109 mV - not Charging,Registered home,,D1,ATI  SIM800 R14.18,"04/01/01,00:00:12+32"
2025-10-20 06:13:16,5,13618,2571,2539,20.1875,0.800065,287.5006,False,True,-72 dBm,4098 mV - not Charging,Registered home,,D1,ATI  SIM800 R14.18,"04/01/01,00:00:12+32"
2025-10-20 06:23:44,5,13620,2573,2545,20.1875,0.800065,294.5952,False,True,-74 dBm,4109 mV - not Charging,Registered home,,D1,ATI  SIM800 R14.18,"04/01/01,00:00:12+32"
2025-10-20 06:34:12,2,13610,2560,2542,20.125,0.801173,297.6353,False,True,-66 dBm,4109 mV - not Charging,Registered home,,D1,ATI  SIM800 R14.18,"04/01/01,00:00:12+32"
2025-10-20 06:44:38,7,13619,2570,2545,20.125,0.890143,287.5006,False,True,-70 dBm,4081 mV - not Charging,Registered home,,D1,ATI  SIM800 R14.18,"04/01/01,00:00:11+32"
2025-10-20 06:55:07,3,13623,2567,2541,20.0625,5.687693,287.5006,False,True,-68 dBm,4109 mV - not Charging,Registered home,,D1,ATI  SIM800 R14.18,"04/01/01,00:00:12+32"
2025-10-20 07:05:34,4,13614,2565,2540,20,5.252081,295.6081,False,True,-68 dBm,4109 mV - not Charging,Registered home,,D1,ATI  SIM800 R14.18,"04/01/01,00:00:12+32"
2025-10-20 07:16:01,6,13618,2574,2546,19.9375,5.792311,297.6353,False,True,-70 dBm,4103 mV - not Charging,Registered home,,D1,ATI  SIM800 R14.18,"04/01/01,00:00:12+32"
2025-10-20 07:26:28,5,13622,2576,2545,19.9375,0.893857,291.5537,False,True,-70 dBm,4065 mV - not Charging,Registered home,,D1,ATI  SIM800 R14.18,"04/01/01,00:00:11+32"
2025-10-20 07:36:56,2,13611,2570,2539,19.9375,0.804516,282.4319,False,True,-68 dBm,4098 mV - not Charging,Registered home,,D1,ATI  SIM800 R14.18,"04/01/01,00:00:11+32"
2025-10-20 07:47:27,2,13625,2566,2550,19.9375,0.804516,292.5679,False,True,-72 dBm,4087 mV - not Charging,Registered home,,D1,ATI  SIM800 R14.18,"04/01/01,00:00:12+32"
2025-10-20 07:57:51,2,13608,2581,2550,19.9375,4.459334,284.4591,False,True,-70 dBm,3917 mV - not Charging,Registered home,,D1,ATI  SIM800 R14.18,"04/01/01,00:00:12+32"
2025-10-20 08:08:18,2,13626,2570,2534,19.9375,1.608224,277.3646,False,True,-72 dBm,4065 mV - not Charging,Registered home,,D1,ATI  SIM800 R14.18,"04/01/01,00:00:11+32"
2025-10-20 08:18:45,7,13614,2565,2538,19.9375,0.804516,289.5278,False,True,-72 dBm,4021 mV - not Charging,Registered home,,D1,ATI  SIM800 R14.18,"04/01/01,00:00:11+32"
2025-10-20 08:29:12,6,13615,2565,2542,20,0.803399,292.5679,False,True,-66 dBm,3950 mV - not Charging,Registered home,,D1,ATI  SIM800 R14.18,"04/01/01,00:00:11+32"
2025-10-20 08:39:40,9,13619,2567,2541,20.0625,3.115473,288.5135,False,True,-70 dBm,3966 mV - not Charging,Registered home,,D1,ATI  SIM800 R14.18,"04/01/01,00:00:11+32"
2025-10-20 08:50:08,3,13613,2566,2544,20.125,0.890143,276.3516,False,True,-74 dBm,4087 mV - not Charging,Registered home,,D1,ATI  SIM800 R14.18,"04/01/01,00:00:12+32"
2025-10-20 09:00:36,5,13611,2573,2535,20.1875,0.800065,290.5407,False,True,-68 dBm,4065 mV - not Charging,Registered home,,D1,ATI  SIM800 R14.18,"04/01/01,00:00:11+32"
2025-10-20 09:01:12,7,13614,2569,2533,20.1875,0.44458,283.4462,False,True,-68 dBm,4087 mV - not Charging,Registered home,,D1,SIM800 R14.18,"04/01/01,00:00:52+32"
2025-10-20 09:11:04,4,13615,2563,2540,20.25,0.710226,281.419,False,True,-72 dBm,4092 mV - not Charging,Registered home,,D1,ATI  SIM800 R14.18,"04/01/01,00:00:12+32"
2025-10-20 09:21:30,10,13608,2560,2539,20.25,0.710226,285.4734,False,True,-68 dBm,3972 mV - not Charging,Registered home,,D1,ATI  SIM800 R14.18,"04/01/01,00:00:11+32"
2025-10-20 09:31:58,10,13619,2566,2536,20.375,1.504317,286.4863,False,True,-68 dBm,4027 mV - not Charging,Registered home,,D1,ATI  SIM800 R14.18,"04/01/01,00:00:11+32"
2025-10-20 09:42:25,1,13620,2555,2533,20.5625,0.79348,292.5679,False,True,-70 dBm,3895 mV - not Charging,Registered home,,D1,ATI  SIM800 R14.18,"04/01/01,00:00:12+32"
2025-10-20 09:52:53,3,13613,2519,2491,20.6875,0.879183,277.3646,False,True,-70 dBm,4092 mV - not Charging,Registered home,,D1,ATI  SIM800 R14.18,"04/01/01,00:00:11+32"
2025-10-20 10:03:20,3,13610,2497,2477,21.75,0.773325,277.3646,False,True,-66 dBm,4098 mV - not Charging,Registered home,,D1,ATI  SIM800 R14.18,"04/01/01,00:00:11+32"
2025-10-20 10:14:07,8,13590,2535,2507,22.6875,0.673924,255.0679,False,True,-76 dBm,3977 mV - not Charging,Registered home,,D1,ATI  SIM800 R14.18,"04/01/01,00:00:27+32"
2025-10-20 10:24:16,5,13586,2533,2493,22.75,0.673042,269.257,False,True,-76 dBm,4098 mV - not Charging,Registered home,,D1,ATI  SIM800 R14.18,"04/01/01,00:00:12+32"
2025-10-20 10:34:43,3,13589,2476,2454,22.75,0.75713,256.0809,False,True,-72 dBm,3944 mV - not Charging,Registered home,,D1,ATI  SIM800 R14.18,"04/01/01,00:00:12+32"
2025-10-20 10:45:15,6,13588,2463,2443,24.5625,31.81604,260.1353,False,True,-66 dBm,4087 mV - not Charging,Registered home,,D1,ATI  SIM800 R14.18,"04/01/01,00:00:15+32"
2025-10-20 10:55:39,4,13589,2450,2436,25.6875,0.634037,257.0951,False,True,-68 dBm,3955 mV - not Charging,Registered home,,D1,ATI  SIM800 R14.18,"04/01/01,00:00:11+32"
2025-10-20 11:06:08,4,13590,2457,2437,26.375,5.687559,262.1625,False,True,-70 dBm,4098 mV - not Charging,Registered home,,D1,ATI  SIM800 R14.18,"04/01/01,00:00:12+32"
2025-10-20 11:16:35,4,13584,2446,2428,27.125,0.616551,256.0809,False,True,-68 dBm,4032 mV - not Charging,Registered home,,D1,ATI  SIM800 R14.18,"04/01/01,00:00:12+32"
2025-10-20 11:27:02,6,13583,2461,2442,27.3125,0.614342,266.2169,False,True,-66 dBm,4098 mV - not Charging,Registered home,,D1,ATI  SIM800 R14.18,"04/01/01,00:00:12+32"
2025-10-20 11:37:32,9,13604,2463,2416,27.8125,1.59622,254.0537,False,True,-74 dBm,4054 mV - not Charging,Registered home,,D1,ATI  SIM800 R14.18,"04/01/01,00:00:11+32"
2025-10-20 11:48:00,6,13601,2462,2425,27.6875,0.609969,266.2169,False,True,-70 dBm,4059 mV - not Charging,Registered home,,D1,ATI  SIM800 R14.18,"04/01/01,00:00:12+32"
2025-10-20 11:58:28,2,13609,2487,2468,25.6875,0.713252,268.2428,False,True,-72 dBm,4081 mV - not Charging,Registered home,,D1,ATI  SIM800 R14.18,"04/01/01,00:00:12+32"
2025-10-20 12:08:56,4,13599,2520,2491,24.9375,2.971651,285.4734,False,True,-70 dBm,4070 mV - not Charging,Registered home,,D1,ATI  SIM800 R14.18,"04/01/01,00:00:12+32"
2025-10-20 12:19:25,4,13605,2525,2496,24.625,0.647612,274.3244,False,True,-68 dBm,4092 mV - not Charging,Registered home,,D1,ATI  SIM800 R14.18,"04/01/01,00:00:11+32"
2025-10-20 12:31:31,5,13620,2564,2540,22.4375,0.508163,291.5537,False,True,-64 dBm,4081 mV - not Charging,Registered home,"13.412139,52.543018,550",D1,ATI  SIM800 R14.18,"04/01/01,00:01:47+32"
2025-10-20 12:40:25,4,13631,2590,2558,20.125,0.890143,304.7299,False,True,-70 dBm,4059 mV - not Charging,Registered home,,D1,ATI  SIM800 R14.18,"04/01/01,00:00:12+32"
2025-10-20 12:50:58,1,13627,2590,2572,18.8125,0.916809,302.7027,False,True,-66 dBm,4092 mV - not Charging,Registered home,,D1,ATI  SIM800 R14.18,"04/01/01,00:00:14+32"
2025-10-20 13:01:26,6,13630,2599,2571,18.3125,0.8347,302.7027,False,True,-68 dBm,4092 mV - not Charging,Registered home,,D1,ATI  SIM800 R14.18,"04/01/01,00:00:13+32"
2025-10-20 13:11:55,4,13635,2592,2571,18.0625,0.932777,292.5679,False,True,-68 dBm,4016 mV - not Charging,Registered home,,D1,ATI  SIM800 R14.18,"04/01/01,00:00:12+32"
2025-10-20 13:22:24,7,13630,2591,2561,17.9375,0.84199,296.6224,False,True,-68 dBm,3955 mV - not Charging,Registered home,,D1,ATI  SIM800 R14.18,"04/01/01,00:00:11+32"
2025-10-20 13:32:54,19,13631,2572,2547,14.625,2.734383,304.7299,False,True,-68 dBm,4087 mV - not Charging,Registered home,,D1,ATI  SIM800 R14.18,"04/01/01,00:00:11+32"
2025-10-20 13:43:24,20,13636,2567,2545,14.6875,2.225127,297.6353,False,True,-64 dBm,4010 mV - not Charging,Registered home,,D1,ATI  SIM800 R14.18,"04/01/01,00:00:11+32"
2025-10-20 13:53:54,19,13629,2563,2546,14.875,4.825005,297.6353,False,True,-70 dBm,4087 mV - not Charging,Registered home,,D1,ATI  SIM800 R14.18,"04/01/01,00:00:11+32"
2025-10-20 14:04:23,18,13631,2558,2539,16.625,2.121555,293.5809,False,True,-68 dBm,4087 mV - not Charging,Registered home,,D1,ATI  SIM800 R14.18,"04/01/01,00:00:12+32"
2025-10-20 14:14:54,22,13624,2573,2539,15.8125,4.420272,288.5135,False,True,-70 dBm,3906 mV - not Charging,Registered home,,D1,ATI  SIM800 R14.18,"04/01/01,00:00:11+32"
2025-10-20 14:25:25,19,13629,2559,2532,15.5625,2.275961,301.6897,False,True,-70 dBm,4092 mV - not Charging,Registered home,,D1,ATI  SIM800 R14.18,"04/01/01,00:00:13+32"
2025-10-20 14:35:54,22,13628,2553,2540,16.4375,3.098135,295.6081,False,True,-64 dBm,4076 mV - not Charging,Registered home,,D1,ATI  SIM800 R14.18,"04/01/01,00:00:11+32"
2025-10-20 14:46:23,20,13620,2566,2528,16.75,2.115203,293.5809,False,True,-64 dBm,4087 mV - not Charging,Registered home,,D1,ATI  SIM800 R14.18,"04/01/01,00:00:11+32"
2025-10-20 14:56:54,14,13635,2567,2534,15.5625,1.781684,284.4591,False,True,-66 dBm,4087 mV - not Charging,Registered home,,D1,ATI  SIM800 R14.18,"04/01/01,00:00:12+32"
2025-10-20 15:07:26,10,13613,2553,2524,13.9375,1.649997,286.4863,False,True,-70 dBm,4087 mV - not Charging,Registered home,,D1,ATI  SIM800 R14.18,"04/01/01,00:00:14+32"
2025-10-20 15:17:53,11,13612,2541,2514,13.75,3.7263,285.4734,False,True,-66 dBm,4049 mV - not Charging,Registered home,,D1,ATI  SIM800 R14.18,"04/01/01,00:00:11+32"
2025-10-20 15:28:23,12,13611,2541,2515,13.875,1.549446,284.4591,False,True,-60 dBm,4087 mV - not Charging,Registered home,,D1,ATI  SIM800 R14.18,"04/01/01,00:00:11+32"
2025-10-20 15:38:53,12,13613,2538,2513,14.4375,1.832508,279.3918,False,True,-64 dBm,4087 mV - not Charging,Registered home,,D1,ATI  SIM800 R14.18,"04/01/01,00:00:11+32"
2025-10-20 15:49:25,7,13624,2548,2521,14.0625,1.542009,291.5537,False,True,-64 dBm,3933 mV - not Charging,Registered home,,D1,ATI  SIM800 R14.18,"04/01/01,00:00:13+32"
2025-10-20 15:59:53,15,13618,2544,2512,14.1875,1.434697,294.5952,False,True,-70 dBm,4076 mV - not Charging,Registered home,,D1,ATI  SIM800 R14.18,"04/01/01,00:00:11+32"
2025-10-20 16:10:23,28,13616,2540,2514,14.125,3.281251,277.3646,False,True,-72 dBm,3955 mV - not Charging,Registered home,,D1,ATI  SIM800 R14.18,"04/01/01,00:00:11+32"
2025-10-20 16:20:53,15,13618,2538,2523,13.875,1.65265,287.5006,False,True,-68 dBm,4087 mV - not Charging,Registered home,,D1,ATI  SIM800 R14.18,"04/01/01,00:00:11+32"
2025-10-20 16:31:23,10,13614,2554,2525,13.8125,4.132747,282.4319,False,True,-66 dBm,3988 mV - not Charging,Registered home,,D1,ATI  SIM800 R14.18,"04/01/01,00:00:11+32"
2025-10-20 16:41:54,9,13618,2536,2525,13.625,1.455591,289.5278,False,True,-70 dBm,3944 mV - not Charging,Registered home,,D1,ATI  SIM800 R14.18,"04/01/01,00:00:12+32"
2025-10-20 16:52:24,9,13615,2546,2523,13.5625,1.562002,293.5809,False,True,-64 dBm,4054 mV - not Charging,Registered home,,D1,ATI  SIM800 R14.18,"04/01/01,00:00:12+32"
2025-10-20 17:02:53,9,13610,2544,2512,13.4375,1.567082,286.4863,False,True,-64 dBm,4049 mV - not Charging,Registered home,,D1,ATI  SIM800 R14.18,"04/01/01,00:00:11+32"
2025-10-20 17:13:25,13,13616,2539,2517,13.3125,1.467464,295.6081,False,True,-72 dBm,3977 mV - not Charging,Registered home,,D1,ATI  SIM800 R14.18,"04/01/01,00:00:13+32"
2025-10-20 17:23:53,9,13625,2547,2533,13.25,1.364948,278.3788,False,True,-66 dBm,4065 mV - not Charging,Registered home,,D1,ATI  SIM800 R14.18,"04/01/01,00:00:11+32"
2025-10-20 17:34:23,12,13623,2551,2513,13.125,1.369423,280.406,False,True,-72 dBm,3983 mV - not Charging,Registered home,,D1,ATI  SIM800 R14.18,"04/01/01,00:00:12+32"
2025-10-20 17:44:53,24,13612,2553,2526,13.0625,5.054767,279.3918,False,True,-66 dBm,4043 mV - not Charging,Registered home,,D1,ATI  SIM800 R14.18,"04/01/01,00:00:11+32"
2025-10-20 17:55:25,13,13623,2543,2524,12.8125,1.486868,291.5537,False,True,-64 dBm,4087 mV - not Charging,Registered home,,D1,ATI  SIM800 R14.18,"04/01/01,00:00:13+32"
2025-10-20 18:05:54,8,13626,2559,2516,12.625,2.347103,281.419,False,True,-64 dBm,3900 mV - not Charging,Registered home,,D1,ATI  SIM800 R14.18,"04/01/01,00:00:11+32"
2025-10-20 18:16:32,12,13627,2543,2530,12.5,1.392247,282.4319,False,True,-70 dBm,4081 mV - not Charging,Registered home,,D1,ATI  SIM800 R14.18,"04/01/01,00:00:11+32"
2025-10-20 18:33:30,7,13610,2548,2513,12.375,4.398746,288.5135,False,True,-64 dBm,3950 mV - not Charging,Registered home,,D1,ATI  SIM800 R14.18,"04/01/01,00:00:12+32"
2025-10-20 18:33:30,6,13617,2553,2528,12.375,1.182127,296.6224,False,True,-62 dBm,4081 mV - not Charging,Registered home,,D1,SIM800 R14.18,"04/01/01,00:00:52+32"
2025-10-20 18:33:30,8,13618,2557,2521,12.3125,0.861313,284.4591,False,True,-70 dBm,4081 mV - not Charging,Registered home,,D1,SIM800 R14.18,"04/01/01,00:02:54+32"
2025-10-20 18:33:30,7,13620,2551,2523,12.3125,1.184107,281.419,False,True,-64 dBm,3983 mV - not Charging,Registered home,,D1,SIM800 R14.18,"04/01/01,00:03:31+32"
2025-10-20 18:38:20,10,13612,2546,2519,12.1875,1.403946,294.5952,False,True,-66 dBm,4059 mV - not Charging,Registered home,,D1,ATI  SIM800 R14.18,"04/01/01,00:00:11+32"
2025-10-20 18:38:59,9,13607,2558,2518,12.1875,0.756224,281.419,False,True,-64 dBm,3983 mV - not Charging,Registered home,,D1,SIM800 R14.18,"04/01/01,00:01:51+32"
2025-10-20 18:47:54,13,13617,2542,2522,12.125,2.054687,290.5407,False,True,-62 dBm,4076 mV - not Charging,Registered home,,D1,ATI  SIM800 R14.18,"04/01/01,00:00:12+32"
2025-10-20 18:58:23,14,13629,2552,2520,12.0625,1.300394,289.5278,False,True,-64 dBm,4076 mV - not Charging,Registered home,,D1,ATI  SIM800 R14.18,"04/01/01,00:00:11+32"
2025-10-20 19:08:55,8,13614,2540,2521,11.9375,1.413448,292.5679,False,True,-66 dBm,4081 mV - not Charging,Registered home,,D1,ATI  SIM800 R14.18,"04/01/01,00:00:13+32"
2025-10-20 19:19:24,16,13621,2545,2523,11.9375,15.32937,283.4462,False,True,-66 dBm,3944 mV - not Charging,Registered home,,D1,ATI  SIM800 R14.18,"04/01/01,00:00:11+32"
2025-10-20 19:29:53,9,13619,2557,2535,11.875,1.307006,287.5006,False,True,-68 dBm,4043 mV - not Charging,Registered home,,D1,ATI  SIM800 R14.18,"04/01/01,00:00:12+32"
2025-10-20 19:41:00,10,13613,2554,2525,11.8125,0.654832,291.5537,False,True,-66 dBm,4076 mV - not Charging,Registered home,,D1,SIM800 R14.18,"04/01/01,00:00:52+32"
2025-10-20 19:50:53,8,13620,2543,2528,11.8125,1.527258,283.4462,False,True,-72 dBm,4049 mV - not Charging,Registered home,,D1,ATI  SIM800 R14.18,"04/01/01,00:00:11+32"
2025-10-20 20:01:23,15,13614,2551,2527,11.8125,1.418248,296.6224,False,True,-66 dBm,4059 mV - not Charging,Registered home,,D1,ATI  SIM800 R14.18,"04/01/01,00:00:12+32"
2025-10-20 20:11:53,8,13613,2535,2518,11.75,1.311451,294.5952,False,True,-64 dBm,4076 mV - not Charging,Registered home,,D1,ATI  SIM800 R14.18,"04/01/01,00:00:12+32"
2025-10-20 20:22:24,10,13616,2546,2526,11.75,15.51524,283.4462,False,True,-68 dBm,4076 mV - not Charging,Registered home,,D1,ATI  SIM800 R14.18,"04/01/01,00:00:12+32"
2025-10-20 20:32:53,10,13622,2542,2530,11.75,1.42066,288.5135,False,True,-68 dBm,4076 mV - not Charging,Registered home,,D1,ATI  SIM800 R14.18,"04/01/01,00:00:11+32"
2025-10-20 20:43:22,12,13616,2540,2527,11.75,2.184777,287.5006,False,True,-66 dBm,3950 mV - not Charging,Registered home,,D1,ATI  SIM800 R14.18,"04/01/01,00:00:11+32"
2025-10-20 20:53:54,10,13616,2546,2513,11.75,1.42066,295.6081,False,True,-66 dBm,4081 mV - not Charging,Registered home,,D1,ATI  SIM800 R14.18,"04/01/01,00:00:12+32"
2025-10-20 21:04:23,14,13626,2544,2531,11.75,1.529856,285.4734,False,True,-68 dBm,3939 mV - not Charging,Registered home,,D1,ATI  SIM800 R14.18,"04/01/01,00:00:12+32"
2025-10-20 21:14:52,11,13625,2549,2529,11.75,1.42066,288.5135,False,True,-68 dBm,4076 mV - not Charging,Registered home,,D1,ATI  SIM800 R14.18,"04/01/01,00:00:11+32"
2025-10-20 21:15:28,11,13622,2554,2510,11.75,0.874496,291.5537,False,True,-74 dBm,3944 mV - not Charging,Registered home,,D1,SIM800 R14.18,"04/01/01,00:00:51+32"
2025-10-20 21:25:24,9,13611,2545,2525,11.75,1.529856,282.4319,False,True,-66 dBm,4076 mV - not Charging,Registered home,,D1,ATI  SIM800 R14.18,"04/01/01,00:00:13+32"
2025-10-20 21:35:52,8,13617,2545,2526,11.6875,1.532462,283.4462,False,True,-68 dBm,4059 mV - not Charging,Registered home,,D1,ATI  SIM800 R14.18,"04/01/01,00:00:11+32"
2025-10-20 21:47:20,11,13616,2549,2532,11.6875,1.532462,282.4319,False,True,-66 dBm,3972 mV - not Charging,Registered home,,D1,ATI  SIM800 R14.18,"04/01/01,00:00:12+32"
2025-10-20 21:56:53,11,13618,2552,2527,11.6875,4.481176,297.6353,False,True,-70 dBm,3999 mV - not Charging,Registered home,,D1,ATI  SIM800 R14.18,"04/01/01,00:00:11+32"
2025-10-20 22:07:22,11,13620,2548,2527,11.6875,1.42308,299.6625,False,True,-64 dBm,4021 mV - not Charging,Registered home,,D1,ATI  SIM800 R14.18,"04/01/01,00:00:11+32"
2025-10-20 22:17:53,9,13620,2547,2525,11.6875,4.590218,291.5537,False,True,-70 dBm,3977 mV - not Charging,Registered home,,D1,ATI  SIM800 R14.18,"04/01/01,00:00:11+32"
2025-10-20 22:28:22,7,13629,2546,2521,11.625,1.425508,282.4319,False,True,-68 dBm,3900 mV - not Charging,Registered home,,D1,ATI  SIM800 R14.18,"04/01/01,00:00:12+32"
2025-10-20 22:38:53,6,13613,2550,2525,11.5625,9.952404,297.6353,False,True,-74 dBm,4038 mV - not Charging,Registered home,,D1,ATI  SIM800 R14.18,"04/01/01,00:00:11+32"
2025-10-20 22:49:22,13,13620,2558,2527,11.625,1.754178,281.419,False,True,-64 dBm,4038 mV - not Charging,Registered home,,D1,ATI  SIM800 R14.18,"04/01/01,00:00:12+32"
2025-10-20 22:59:53,12,13620,2553,2521,11.5625,5.371471,298.6483,False,True,-64 dBm,4010 mV - not Charging,Registered home,,D1,ATI  SIM800 R14.18,"04/01/01,00:00:11+32"
2025-10-20 23:10:22,10,13617,2548,2533,11.5625,1.647445,287.5006,False,True,-70 dBm,4049 mV - not Charging,Registered home,,D1,ATI  SIM800 R14.18,"04/01/01,00:00:11+32"
2025-10-20 23:20:53,12,13617,2558,2535,11.5625,2.415309,291.5537,False,True,-64 dBm,3999 mV - not Charging,Registered home,,D1,ATI  SIM800 R14.18,"04/01/01,00:00:12+32"
2025-10-20 23:31:22,12,13618,2558,2530,11.4375,1.763205,284.4591,False,True,-66 dBm,3928 mV - not Charging,Registered home,,D1,ATI  SIM800 R14.18,"04/01/01,00:00:12+32"
2025-10-20 23:41:52,10,13622,2553,2528,11.4375,1.653097,284.4591,False,True,-66 dBm,4043 mV - not Charging,Registered home,,D1,ATI  SIM800 R14.18,"04/01/01,00:00:11+32"
2025-10-20 23:52:23,12,13620,2548,2533,11.375,5.728765,286.4863,False,True,-66 dBm,4076 mV - not Charging,Registered home,,D1,ATI  SIM800 R14.18,"04/01/01,00:00:11+32"
2025-10-21 00:02:54,13,13628,2552,2524,11,1.896066,288.5135,False,True,-72 dBm,4049 mV - not Charging,Registered home,,D1,ATI  SIM800 R14.18,"04/01/01,00:00:11+32"
2025-10-21 00:13:23,9,13630,2544,2542,10.9375,3.460843,301.6897,False,True,-70 dBm,4005 mV - not Charging,Registered home,,D1,ATI  SIM800 R14.18,"04/01/01,00:00:11+32"
2025-10-21 00:23:53,11,13619,2561,2535,10.4375,1.473277,286.4863,False,True,-70 dBm,4038 mV - not Charging,Registered home,,D1,ATI  SIM800 R14.18,"04/01/01,00:00:12+32"
2025-10-21 00:34:23,12,13614,2553,2533,10.5625,19.9194,296.6224,False,True,-72 dBm,4065 mV - not Charging,Registered home,,D1,ATI  SIM800 R14.18,"04/01/01,00:00:12+32"
2025-10-21 00:34:59,12,13614,2552,2538,10.5625,1.016603,287.5006,False,True,-68 dBm,3999 mV - not Charging,Registered home,,D1,SIM800 R14.18,"04/01/01,00:00:53+32"
2025-10-21 00:44:52,10,13626,2558,2524,10.375,1.702748,297.6353,False,True,-70 dBm,4070 mV - not Charging,Registered home,,D1,ATI  SIM800 R14.18,"04/01/01,00:00:12+32"
2025-10-21 00:46:28,10,13616,2556,2533,10.3125,0.910095,284.4591,False,True,-68 dBm,4043 mV - not Charging,Registered home,,D1,SIM800 R14.18,"04/01/01,00:01:51+32"
2025-10-21 00:55:23,13,13618,2548,2531,10.3125,48.57204,286.4863,False,True,-70 dBm,4021 mV - not Charging,Registered home,,D1,ATI  SIM800 R14.18,"04/01/01,00:00:12+32"
2025-10-21 00:56:02,11,13622,2550,2541,10.3125,1.0238,290.5407,False,True,-68 dBm,4070 mV - not Charging,Registered home,,D1,SIM800 R14.18,"04/01/01,00:00:53+32"
2025-10-21 01:05:52,10,13612,2547,2534,9.8125,1.615,285.4734,False,True,-68 dBm,4059 mV - not Charging,Registered home,,D1,ATI  SIM800 R14.18,"04/01/01,00:00:12+32"
2025-10-21 01:16:22,16,13623,2557,2519,9.8125,1.730261,280.406,False,True,-66 dBm,4032 mV - not Charging,Registered home,,D1,ATI  SIM800 R14.18,"04/01/01,00:00:11+32"
2025-10-21 01:26:51,8,13618,2553,2542,9.625,1.276014,298.6483,False,True,-68 dBm,4065 mV - not Charging,Registered home,,D1,ATI  SIM800 R14.18,"04/01/01,00:00:11+32"
2025-10-21 01:37:22,10,13618,2560,2538,9.6875,5.200788,284.4591,False,True,-70 dBm,4032 mV - not Charging,Registered home,,D1,ATI  SIM800 R14.18,"04/01/01,00:00:12+32"
2025-10-21 01:47:51,11,13621,2556,2538,9.75,1.271424,285.4734,False,True,-72 dBm,3906 mV - not Charging,Registered home,,D1,ATI  SIM800 R14.18,"04/01/01,00:00:11+32"
2025-10-21 01:58:22,7,13631,2566,2539,9.625,12.23148,294.5952,False,True,-70 dBm,4027 mV - not Charging,Registered home,,D1,ATI  SIM800 R14.18,"04/01/01,00:00:12+32"
2025-10-21 02:08:51,7,13616,2565,2540,9.6875,1.505131,287.5006,False,True,-68 dBm,4065 mV - not Charging,Registered home,,D1,ATI  SIM800 R14.18,"04/01/01,00:00:11+32"
2025-10-21 02:19:21,20,13618,2571,2541,9.6875,5.316065,286.4863,False,True,-64 dBm,3977 mV - not Charging,Registered home,,D1,ATI  SIM800 R14.18,"04/01/01,00:00:11+32"
2025-10-21 02:40:22,13,13624,2557,2543,9.6875,1.967809,290.5407,False,True,-66 dBm,3950 mV - not Charging,Registered home,,D1,ATI  SIM800 R14.18,"04/01/01,00:00:12+32"
2025-10-21 02:50:51,10,13623,2566,2536,9.625,1.276014,287.5006,False,True,-64 dBm,4065 mV - not Charging,Registered home,,D1,ATI  SIM800 R14.18,"04/01/01,00:00:11+32"
2025-10-21 03:01:21,7,13619,2560,2543,9.6875,1.38943,291.5537,False,True,-70 dBm,4032 mV - not Charging,Registered home,,D1,ATI  SIM800 R14.18,"04/01/01,00:00:12+32"
2025-10-21 03:11:51,11,13624,2551,2549,9.5,1.513312,291.5537,False,True,-62 dBm,4065 mV - not Charging,Registered home,,D1,ATI  SIM800 R14.18,"04/01/01,00:00:11+32"
2025-10-21 03:22:21,12,13618,2566,2543,9.5625,21.06571,288.5135,False,True,-68 dBm,4065 mV - not Charging,Registered home,,D1,ATI  SIM800 R14.18,"04/01/01,00:00:11+32"
2025-10-21 03:32:50,7,13623,2550,2548,9.5,1.513312,294.5952,False,True,-66 dBm,4065 mV - not Charging,Registered home,,D1,ATI  SIM800 R14.18,"04/01/01,00:00:11+32"
2025-10-21 03:43:20,10,13624,2563,2543,9.5625,1.510575,286.4863,False,True,-66 dBm,4070 mV - not Charging,Registered home,,D1,ATI  SIM800 R14.18,"04/01/01,00:00:11+32"
2025-10-21 03:53:51,10,13614,2566,2559,9.6875,1.38943,290.5407,False,True,-70 dBm,4021 mV - not Charging,Registered home,,D1,ATI  SIM800 R14.18,"04/01/01,00:00:12+32"
2025-10-21 04:04:22,4,13622,2565,2547,9.625,1.507848,290.5407,False,True,-68 dBm,4065 mV - not Charging,Registered home,,D1,ATI  SIM800 R14.18,"04/01/01,00:00:13+32"
2025-10-21 04:14:50,9,13623,2586,2545,9.625,6.941116,295.6081,False,True,-72 dBm,3988 mV - not Charging,Registered home,,D1,ATI  SIM800 R14.18,"04/01/01,00:00:11+32"
2025-10-21 04:25:20,5,13624,2566,2544,9.5,1.513312,295.6081,False,True,-68 dBm,3939 mV - not Charging,Registered home,,D1,ATI  SIM800 R14.18,"04/01/01,00:00:12+32"
2025-10-21 04:35:51,9,13628,2585,2540,9.5,2.211022,286.4863,False,True,-66 dBm,4059 mV - not Charging,Registered home,,D1,ATI  SIM800 R14.18,"04/01/01,00:00:11+32"
2025-10-21 04:46:20,12,13616,2561,2536,9.5,1.396981,288.5135,False,True,-70 dBm,3889 mV - not Charging,Registered home,,D1,ATI  SIM800 R14.18,"04/01/01,00:00:11+32"
2025-10-21 04:56:50,6,13618,2562,2544,9.3125,5.723699,290.5407,False,True,-70 dBm,4059 mV - not Charging,Registered home,,D1,ATI  SIM800 R14.18,"04/01/01,00:00:11+32"
2025-10-21 05:07:20,11,13620,2579,2538,9.375,1.518814,289.5278,False,True,-68 dBm,4065 mV - not Charging,Registered home,,D1,ATI  SIM800 R14.18,"04/01/01,00:00:12+32"
2025-10-21 05:17:50,10,13617,2558,2544,9.4375,1.516058,289.5278,False,True,-64 dBm,4065 mV - not Charging,Registered home,,D1,ATI  SIM800 R14.18,"04/01/01,00:00:12+32"
2025-10-21 05:28:20,11,13623,2574,2540,9.4375,1.632587,287.5006,False,True,-64 dBm,4021 mV - not Charging,Registered home,,D1,ATI  SIM800 R14.18,"04/01/01,00:00:11+32"
2025-10-21 05:38:50,8,13622,2568,2539,9.4375,1.516058,291.5537,False,True,-70 dBm,3966 mV - not Charging,Registered home,,D1,ATI  SIM800 R14.18,"04/01/01,00:00:12+32"
2025-10-21 05:49:21,9,13624,2569,2545,9.4375,19.76874,299.6625,False,True,-72 dBm,4065 mV - not Charging,Registered home,,D1,ATI  SIM800 R14.18,"04/01/01,00:00:12+32"
2025-10-21 05:59:50,13,13617,2564,2551,9.4375,5.238544,291.5537,False,True,-64 dBm,3889 mV - not Charging,Registered home,,D1,ATI  SIM800 R14.18,"04/01/01,00:00:11+32"
2025-10-21 06:10:21,10,13620,2572,2550,9.4375,18.50819,300.6755,False,True,-70 dBm,3791 mV - not Charging,Registered home,,D1,ATI  SIM800 R14.18,"04/01/01,00:00:12+32"
2025-10-21 06:20:50,9,13620,2573,2551,9.375,1.402061,292.5679,False,True,-70 dBm,4021 mV - not Charging,Registered home,,D1,ATI  SIM800 R14.18,"04/01/01,00:00:12+32"
2025-10-21 06:31:21,7,13617,2581,2547,9.4375,5.122416,293.5809,False,True,-66 dBm,4038 mV - not Charging,Registered home,,D1,ATI  SIM800 R14.18,"04/01/01,00:00:12+32"
2025-10-21 06:41:50,9,13622,2575,2540,9.4375,1.399516,295.6081,False,True,-68 dBm,4065 mV - not Charging,Registered home,,D1,ATI  SIM800 R14.18,"04/01/01,00:00:11+32"
2025-10-21 06:52:20,6,13619,2577,2541,9.4375,5.470759,288.5135,False,True,-64 dBm,4065 mV - not Charging,Registered home,,D1,ATI  SIM800 R14.18,"04/01/01,00:00:11+32"
2025-10-21 07:02:50,8,13622,2569,2542,9.4375,1.516058,291.5537,False,True,-66 dBm,3884 mV - not Charging,Registered home,,D1,ATI  SIM800 R14.18,"04/01/01,00:00:12+32"
2025-10-21 07:13:19,22,13635,2568,2539,9.5,20.87551,294.5952,False,True,-72 dBm,3983 mV - not Charging,Registered home,,D1,ATI  SIM800 R14.18,"04/01/01,00:00:11+32"
2025-10-21 07:23:50,8,13623,2583,2544,9.375,1.518814,294.5952,False,True,-66 dBm,4038 mV - not Charging,Registered home,,D1,ATI  SIM800 R14.18,"04/01/01,00:00:11+32"
2025-10-21 07:34:20,11,13630,2583,2538,9.4375,1.399516,298.6483,False,True,-68 dBm,4054 mV - not Charging,Registered home,,D1,ATI  SIM800 R14.18,"04/01/01,00:00:12+32"
2025-10-21 07:44:49,8,13617,2570,2544,9.5625,1.510575,289.5278,False,True,-68 dBm,4059 mV - not Charging,Registered home,,D1,ATI  SIM800 R14.18,"04/01/01,00:00:11+32"
2025-10-21 07:55:20,7,13621,2579,2551,9.5625,1.626682,291.5537,False,True,-70 dBm,4065 mV - not Charging,Registered home,,D1,ATI  SIM800 R14.18,"04/01/01,00:00:12+32"
2025-10-21 08:05:49,10,13623,2575,2548,9.625,1.507848,298.6483,False,True,-64 dBm,4065 mV - not Charging,Registered home,,D1,ATI  SIM800 R14.18,"04/01/01,00:00:11+32"
2025-10-21 08:16:20,11,13621,2570,2556,9.625,1.507848,297.6353,False,True,-70 dBm,4021 mV - not Charging,Registered home,,D1,ATI  SIM800 R14.18,"04/01/01,00:00:11+32"
2025-10-21 08:26:50,8,13624,2577,2544,9.75,19.36395,286.4863,False,True,-68 dBm,4016 mV - not Charging,Registered home,,D1,ATI  SIM800 R14.18,"04/01/01,00:00:12+32"
2025-10-21 08:37:19,7,13628,2575,2540,9.8125,1.499727,289.5278,False,True,-70 dBm,3917 mV - not Charging,Registered home,,D1,ATI  SIM800 R14.18,"04/01/01,00:00:12+32"
2025-10-21 08:47:51,12,13626,2575,2555,9.9375,17.22561,300.6755,False,True,-70 dBm,4059 mV - not Charging,Registered home,,D1,ATI  SIM800 R14.18,"04/01/01,00:00:12+32"
2025-10-21 08:58:19,11,13617,2575,2545,10,1.606349,290.5407,False,True,-70 dBm,3939 mV - not Charging,Registered home,,D1,ATI  SIM800 R14.18,"04/01/01,00:00:12+32"
2025-10-21 09:08:50,7,13618,2561,2555,10.125,5.36368,293.5809,False,True,-72 dBm,3922 mV - not Charging,Registered home,,D1,ATI  SIM800 R14.18,"04/01/01,00:00:12+32"
2025-10-21 09:19:19,9,13615,2579,2543,10.3125,1.478492,286.4863,False,True,-66 dBm,4021 mV - not Charging,Registered home,,D1,ATI  SIM800 R14.18,"04/01/01,00:00:11+32"
2025-10-21 09:29:48,9,13625,2580,2544,10.625,1.465523,289.5278,False,True,-72 dBm,4059 mV - not Charging,Registered home,,D1,ATI  SIM800 R14.18,"04/01/01,00:00:12+32"
2025-10-21 09:40:55,9,13621,2558,2549,11.75,1.092998,295.6081,False,True,-64 dBm,4059 mV - not Charging,Registered home,,D1,SIM800 R14.18,"04/01/01,00:00:53+32"
2025-10-21 09:50:47,10,13609,2536,2496,12.25,1.40159,291.5537,False,True,-66 dBm,4059 mV - not Charging,Registered home,,D1,ATI  SIM800 R14.18,"04/01/01,00:00:13+32"
2025-10-21 10:01:17,10,13623,2544,2522,12.8125,1.38074,285.4734,False,True,-68 dBm,4065 mV - not Charging,Registered home,,D1,ATI  SIM800 R14.18,"04/01/01,00:00:12+32"
2025-10-21 10:11:47,6,13602,2541,2508,13.375,4.701038,285.4734,False,True,-66 dBm,3966 mV - not Charging,Registered home,,D1,ATI  SIM800 R14.18,"04/01/01,00:00:12+32"
2025-10-21 10:22:16,10,13601,2490,2457,13.9375,1.237774,258.1081,False,True,-70 dBm,4059 mV - not Charging,Registered home,,D1,ATI  SIM800 R14.18,"04/01/01,00:00:11+32"
2025-10-21 10:32:45,13,13599,2482,2448,15.0625,1.203016,264.1897,False,True,-70 dBm,4059 mV - not Charging,Registered home,,D1,ATI  SIM800 R14.18,"04/01/01,00:00:12+32"
2025-10-21 10:43:14,10,13614,2524,2490,14.125,1.436989,278.3788,False,True,-66 dBm,4059 mV - not Charging,Registered home,,D1,ATI  SIM800 R14.18,"04/01/01,00:00:11+32"
2025-10-21 10:53:42,7,13604,2529,2501,13.9375,1.443909,285.4734,False,True,-64 dBm,3955 mV - not Charging,Registered home,,D1,ATI  SIM800 R14.18,"04/01/01,00:00:11+32"
2025-10-21 11:04:10,9,13615,2542,2518,13.8125,1.551941,280.406,False,True,-66 dBm,4038 mV - not Charging,Registered home,,D1,ATI  SIM800 R14.18,"04/01/01,00:00:12+32"
2025-10-21 11:14:38,8,13612,2540,2532,13.75,5.17139,279.3918,False,True,-70 dBm,3835 mV - not Charging,Registered home,,D1,ATI  SIM800 R14.18,"04/01/01,00:00:12+32"
2025-10-21 11:25:05,7,13609,2549,2522,14.0625,5.334627,287.5006,False,True,-64 dBm,4059 mV - not Charging,Registered home,,D1,ATI  SIM800 R14.18,"04/01/01,00:00:11+32"
2025-10-21 11:35:32,9,13616,2548,2522,13.9375,1.237774,280.406,False,True,-70 dBm,4059 mV - not Charging,Registered home,,D1,ATI  SIM800 R14.18,"04/01/01,00:00:11+32"
2025-10-21 11:46:01,9,13612,2555,2520,13.9375,18.09162,288.5135,False,True,-70 dBm,4049 mV - not Charging,Registered home,,D1,ATI  SIM800 R14.18,"04/01/01,00:00:12+32"
2025-10-21 11:56:27,10,13606,2541,2526,14.4375,5.182575,278.3788,False,True,-66 dBm,4038 mV - not Charging,Registered home,,D1,ATI  SIM800 R14.18,"04/01/01,00:00:11+32"
2025-10-21 12:06:54,7,13616,2550,2511,15.9375,1.177303,275.3374,False,True,-66 dBm,4049 mV - not Charging,Registered home,,D1,ATI  SIM800 R14.18,"04/01/01,00:00:11+32"
2025-10-21 12:17:22,9,13617,2532,2525,16.875,1.150945,285.4734,False,True,-62 dBm,4021 mV - not Charging,Registered home,,D1,ATI  SIM800 R14.18,"04/01/01,00:00:12+32"
2025-10-21 12:27:51,9,13616,2539,2509,16.375,17.59719,281.419,False,True,-68 dBm,4065 mV - not Charging,Registered home,,D1,ATI  SIM800 R14.18,"04/01/01,00:00:12+32"
2025-10-21 12:38:17,8,13621,2543,2510,16.3125,4.850623,285.4734,False,True,-68 dBm,4043 mV - not Charging,Registered home,,D1,ATI  SIM800 R14.18,"04/01/01,00:00:12+32"
2025-10-21 12:48:45,6,13610,2545,2512,16.375,8.987099,277.3646,False,True,-72 dBm,4038 mV - not Charging,Registered home,,D1,ATI  SIM800 R14.18,"04/01/01,00:00:12+32"
2025-10-21 12:59:12,9,13602,2542,2511,17.3125,1.233896,275.3374,False,True,-64 dBm,4059 mV - not Charging,Registered home,,D1,ATI  SIM800 R14.18,"04/01/01,00:00:12+32"
2025-10-21 13:09:39,12,13618,2535,2506,18.375,1.296189,282.4319,False,True,-68 dBm,4059 mV - not Charging,Registered home,,D1,ATI  SIM800 R14.18,"04/01/01,00:00:11+32"
2025-10-21 13:20:07,9,13615,2539,2506,18.1875,1.115967,290.5407,False,True,-70 dBm,4021 mV - not Charging,Registered home,,D1,ATI  SIM800 R14.18,"04/01/01,00:00:11+32"
2025-10-21 13:30:35,12,13614,2536,2514,18.25,1.114355,278.3788,False,True,-68 dBm,4005 mV - not Charging,Registered home,,D1,ATI  SIM800 R14.18,"04/01/01,00:00:12+32"
2025-10-21 13:41:02,9,13606,2535,2509,17.875,1.124101,277.3646,False,True,-70 dBm,4059 mV - not Charging,Registered home,,D1,ATI  SIM800 R14.18,"04/01/01,00:00:11+32"
2025-10-21 13:51:33,8,13602,2533,2501,19,1.186574,276.3516,False,True,-72 dBm,3895 mV - not Charging,Registered home,,D1,ATI  SIM800 R14.18,"04/01/01,00:00:14+32"
2025-10-21 14:01:58,8,13608,2531,2501,19.875,4.554603,285.4734,False,True,-70 dBm,4010 mV - not Charging,Registered home,,D1,ATI  SIM800 R14.18,"04/01/01,00:00:12+32"
2025-10-21 14:12:25,12,13613,2534,2500,20.4375,1.237352,282.4319,False,True,-68 dBm,4059 mV - not Charging,Registered home,,D1,ATI  SIM800 R14.18,"04/01/01,00:00:12+32"
2025-10-21 14:22:52,11,13619,2526,2496,19.25,1.270558,283.4462,False,True,-68 dBm,4059 mV - not Charging,Registered home,,D1,ATI  SIM800 R14.18,"04/01/01,00:00:11+32"
2025-10-21 14:33:19,9,13607,2537,2504,19,1.186574,283.4462,False,True,-68 dBm,4021 mV - not Charging,Registered home,,D1,ATI  SIM800 R14.18,"04/01/01,00:00:11+32"
2025-10-21 14:43:47,10,13619,2533,2509,17.875,4.953455,278.3788,False,True,-68 dBm,4049 mV - not Charging,Registered home,,D1,ATI  SIM800 R14.18,"04/01/01,00:00:12+32"
2025-10-21 14:54:15,11,13618,2533,2513,17.5,5.279141,288.5135,False,True,-68 dBm,4054 mV - not Charging,Registered home,,D1,ATI  SIM800 R14.18,"04/01/01,00:00:11+32"
2025-10-21 15:04:42,12,13620,2535,2509,17.3125,1.328737,284.4591,False,True,-64 dBm,4010 mV - not Charging,Registered home,,D1,ATI  SIM800 R14.18,"04/01/01,00:00:12+32"
2025-10-21 15:15:11,9,13615,2534,2510,17.0625,1.336635,279.3918,False,True,-70 dBm,3933 mV - not Charging,Registered home,,D1,ATI  SIM800 R14.18,"04/01/01,00:00:13+32"
2025-10-21 15:25:38,12,13610,2531,2511,17.125,5.041647,277.3646,False,True,-66 dBm,4021 mV - not Charging,Registered home,,D1,ATI  SIM800 R14.18,"04/01/01,00:00:12+32"
2025-10-21 15:36:06,7,13611,2536,2513,17.1875,4.939469,290.5407,False,True,-64 dBm,3928 mV - not Charging,Registered home,,D1,ATI  SIM800 R14.18,"04/01/01,00:00:12+32"
2025-10-21 15:46:32,11,13612,2527,2517,16.9375,1.340619,275.3374,False,True,-72 dBm,3917 mV - not Charging,Registered home,,D1,ATI  SIM800 R14.18,"04/01/01,00:00:11+32"
